--------------------------------------------------------
--  파일이 생성됨 - 수요일-7월-09-2025   
--------------------------------------------------------
--------------------------------------------------------
--  DDL for Table GAME_CART
--------------------------------------------------------

  CREATE TABLE "SCOTT"."GAME_CART" 
   (	"CART_ID" NUMBER GENERATED BY DEFAULT AS IDENTITY MINVALUE 1 MAXVALUE 9999999999999999999999999999 INCREMENT BY 1 START WITH 1 CACHE 20 NOORDER  NOCYCLE  NOKEEP  NOSCALE , 
	"USER_NAME" VARCHAR2(50 BYTE), 
	"GAME_ID" NUMBER, 
	"TITLE" VARCHAR2(200 BYTE), 
	"BACKGROUND_IMAGE" VARCHAR2(300 BYTE), 
	"PRICE" NUMBER(10,2), 
	"SALE_PRICE" NUMBER(10,2), 
	"CREATED_AT" TIMESTAMP (6) DEFAULT CURRENT_TIMESTAMP, 
	"RELEASED" VARCHAR2(20 BYTE), 
	"ESRB_RATING" VARCHAR2(20 BYTE), 
	"CART_TYPE" VARCHAR2(10 BYTE) DEFAULT 'CART'
   ) SEGMENT CREATION IMMEDIATE 
  PCTFREE 10 PCTUSED 40 INITRANS 1 MAXTRANS 255 
 NOCOMPRESS LOGGING
  STORAGE(INITIAL 65536 NEXT 1048576 MINEXTENTS 1 MAXEXTENTS 2147483645
  PCTINCREASE 0 FREELISTS 1 FREELIST GROUPS 1
  BUFFER_POOL DEFAULT FLASH_CACHE DEFAULT CELL_FLASH_CACHE DEFAULT)
  TABLESPACE "USERS" ;

   COMMENT ON COLUMN "SCOTT"."GAME_CART"."CART_ID" IS '장바구니 고유 ID (시퀀스로 자동 증가)';
   COMMENT ON COLUMN "SCOTT"."GAME_CART"."USER_NAME" IS '장바구니에 담은 사용자 이름';
   COMMENT ON COLUMN "SCOTT"."GAME_CART"."GAME_ID" IS '게임 고유 ID (게임 테이블의 PK 참조)';
   COMMENT ON COLUMN "SCOTT"."GAME_CART"."TITLE" IS '게임 제목';
   COMMENT ON COLUMN "SCOTT"."GAME_CART"."BACKGROUND_IMAGE" IS '게임 썸네일 또는 배경 이미지 URL';
   COMMENT ON COLUMN "SCOTT"."GAME_CART"."PRICE" IS '정가 (정상가)';
   COMMENT ON COLUMN "SCOTT"."GAME_CART"."SALE_PRICE" IS '할인가 (세일 적용 시)';
   COMMENT ON COLUMN "SCOTT"."GAME_CART"."CREATED_AT" IS '장바구니에 담은 시각 (자동 등록)';
   COMMENT ON COLUMN "SCOTT"."GAME_CART"."RELEASED" IS '게임 출시일';
   COMMENT ON COLUMN "SCOTT"."GAME_CART"."ESRB_RATING" IS 'ESRB 연령 등급';
   COMMENT ON COLUMN "SCOTT"."GAME_CART"."CART_TYPE" IS '장바구니 유형 (CART 또는 LIKE)';
--------------------------------------------------------
--  DDL for Table GAME_DISCOUNT
--------------------------------------------------------

  CREATE TABLE "SCOTT"."GAME_DISCOUNT" 
   (	"DISCOUNT_ID" NUMBER GENERATED BY DEFAULT AS IDENTITY MINVALUE 1 MAXVALUE 9999999999999999999999999999 INCREMENT BY 1 START WITH 1 CACHE 20 NOORDER  NOCYCLE  NOKEEP  NOSCALE , 
	"USER_NAME" VARCHAR2(50 BYTE), 
	"GAME_ID" NUMBER, 
	"TITLE" VARCHAR2(200 BYTE), 
	"BACKGROUND_IMAGE" VARCHAR2(300 BYTE), 
	"PRICE" NUMBER(10,2), 
	"SALE_PRICE" NUMBER(10,2), 
	"RELEASED" VARCHAR2(20 BYTE), 
	"ESRB_RATING" VARCHAR2(20 BYTE), 
	"CREATED_AT" TIMESTAMP (6) DEFAULT CURRENT_TIMESTAMP -- 생성 일시

   ) SEGMENT CREATION IMMEDIATE 
  PCTFREE 10 PCTUSED 40 INITRANS 1 MAXTRANS 255 
 NOCOMPRESS LOGGING
  STORAGE(INITIAL 65536 NEXT 1048576 MINEXTENTS 1 MAXEXTENTS 2147483645
  PCTINCREASE 0 FREELISTS 1 FREELIST GROUPS 1
  BUFFER_POOL DEFAULT FLASH_CACHE DEFAULT CELL_FLASH_CACHE DEFAULT)
  TABLESPACE "USERS" ;

   COMMENT ON COLUMN "SCOTT"."GAME_DISCOUNT"."DISCOUNT_ID" IS '할인 정보 고유 ID (시퀀스로 자동 증가)';
   COMMENT ON COLUMN "SCOTT"."GAME_DISCOUNT"."USER_NAME" IS '할인 등록 또는 적용한 사용자 이름';
   COMMENT ON COLUMN "SCOTT"."GAME_DISCOUNT"."GAME_ID" IS '할인 대상 게임 고유 ID (게임 테이블 참조)';
   COMMENT ON COLUMN "SCOTT"."GAME_DISCOUNT"."TITLE" IS '게임 제목';
   COMMENT ON COLUMN "SCOTT"."GAME_DISCOUNT"."BACKGROUND_IMAGE" IS '게임 배경 이미지 URL';
   COMMENT ON COLUMN "SCOTT"."GAME_DISCOUNT"."PRICE" IS '게임 정가 (원가)';
   COMMENT ON COLUMN "SCOTT"."GAME_DISCOUNT"."SALE_PRICE" IS '할인 적용 가격 (실제 판매가)';
   COMMENT ON COLUMN "SCOTT"."GAME_DISCOUNT"."RELEASED" IS '게임 출시일';
   COMMENT ON COLUMN "SCOTT"."GAME_DISCOUNT"."ESRB_RATING" IS 'ESRB 게임 연령 등급 (예: E, T, M)';
   COMMENT ON COLUMN "SCOTT"."GAME_DISCOUNT"."CREATED_AT" IS '할인 등록 일시 (기본값: CURRENT_TIMESTAMP)';
--------------------------------------------------------
--  DDL for Table GAME_GROUP_APPLICANT
--------------------------------------------------------

  CREATE TABLE "SCOTT"."GAME_GROUP_APPLICANT" 
   (	"APPLICANT_ID" NUMBER GENERATED BY DEFAULT AS IDENTITY MINVALUE 1 MAXVALUE 9999999999999999999999999999 INCREMENT BY 1 START WITH 1 CACHE 20 NOORDER  NOCYCLE  NOKEEP  NOSCALE , 
	"GAME_ID" NUMBER, 
	"USER_NAME" VARCHAR2(30 BYTE), 
	"CREATED_AT" TIMESTAMP (6) DEFAULT CURRENT_TIMESTAMP
   ) SEGMENT CREATION IMMEDIATE 
  PCTFREE 10 PCTUSED 40 INITRANS 1 MAXTRANS 255 
 NOCOMPRESS LOGGING
  STORAGE(INITIAL 65536 NEXT 1048576 MINEXTENTS 1 MAXEXTENTS 2147483645
  PCTINCREASE 0 FREELISTS 1 FREELIST GROUPS 1
  BUFFER_POOL DEFAULT FLASH_CACHE DEFAULT CELL_FLASH_CACHE DEFAULT)
  TABLESPACE "USERS" ;

   COMMENT ON COLUMN "SCOTT"."GAME_GROUP_APPLICANT"."APPLICANT_ID" IS '공동구매 신청 고유번호 (자동 증가)';
   COMMENT ON COLUMN "SCOTT"."GAME_GROUP_APPLICANT"."GAME_ID" IS '신청한 게임 ID';
   COMMENT ON COLUMN "SCOTT"."GAME_GROUP_APPLICANT"."USER_NAME" IS '신청자 유저 ID';
   COMMENT ON COLUMN "SCOTT"."GAME_GROUP_APPLICANT"."CREATED_AT" IS '신청 일시 (타임스탬프)';
   COMMENT ON TABLE "SCOTT"."GAME_GROUP_APPLICANT"  IS '공동구매 신청자 테이블 - 유저가 특정 게임 공동구매에 참여한 신청 정보를 저장';
--------------------------------------------------------
--  DDL for Table GAME_GROUP_PURCHASE
--------------------------------------------------------

  CREATE TABLE "SCOTT"."GAME_GROUP_PURCHASE" 
   (	"GROUP_ID" NUMBER GENERATED BY DEFAULT AS IDENTITY MINVALUE 1 MAXVALUE 9999999999999999999999999999 INCREMENT BY 1 START WITH 1 CACHE 20 NOORDER  NOCYCLE  NOKEEP  NOSCALE , 
	"USER_NAME" VARCHAR2(30 BYTE), 
	"GAME_ID" NUMBER, 
	"APPLICANTS" NUMBER, 
	"CURRENT_APPLICANTS" NUMBER DEFAULT 0, 
	"IS_ACTIVE" NUMBER DEFAULT 1, 
	"CREATED_AT" TIMESTAMP (6) DEFAULT CURRENT_TIMESTAMP               -- 등록일시

   ) SEGMENT CREATION IMMEDIATE 
  PCTFREE 10 PCTUSED 40 INITRANS 1 MAXTRANS 255 
 NOCOMPRESS LOGGING
  STORAGE(INITIAL 65536 NEXT 1048576 MINEXTENTS 1 MAXEXTENTS 2147483645
  PCTINCREASE 0 FREELISTS 1 FREELIST GROUPS 1
  BUFFER_POOL DEFAULT FLASH_CACHE DEFAULT CELL_FLASH_CACHE DEFAULT)
  TABLESPACE "USERS" ;

   COMMENT ON COLUMN "SCOTT"."GAME_GROUP_PURCHASE"."GROUP_ID" IS '공동구매 고유번호 (자동 증가)';
   COMMENT ON COLUMN "SCOTT"."GAME_GROUP_PURCHASE"."USER_NAME" IS '공동구매 생성자 (유저명)';
   COMMENT ON COLUMN "SCOTT"."GAME_GROUP_PURCHASE"."GAME_ID" IS '게임 ID';
   COMMENT ON COLUMN "SCOTT"."GAME_GROUP_PURCHASE"."APPLICANTS" IS '목표 인원 (최소 신청 인원)';
   COMMENT ON COLUMN "SCOTT"."GAME_GROUP_PURCHASE"."CURRENT_APPLICANTS" IS '현재 신청 인원';
   COMMENT ON COLUMN "SCOTT"."GAME_GROUP_PURCHASE"."IS_ACTIVE" IS '진행 상태 (1: 진행중, 0: 종료)';
   COMMENT ON COLUMN "SCOTT"."GAME_GROUP_PURCHASE"."CREATED_AT" IS '등록일시';
--------------------------------------------------------
--  DDL for Table GAME_LIKE
--------------------------------------------------------

  CREATE TABLE "SCOTT"."GAME_LIKE" 
   (	"LIKE_ID" NUMBER GENERATED BY DEFAULT AS IDENTITY MINVALUE 1 MAXVALUE 9999999999999999999999999999 INCREMENT BY 1 START WITH 1 CACHE 20 NOORDER  NOCYCLE  NOKEEP  NOSCALE , 
	"USER_NAME" VARCHAR2(30 BYTE), 
	"GAME_ID" NUMBER, 
	"TITLE" VARCHAR2(200 BYTE), 
	"BACKGROUND_IMAGE" VARCHAR2(300 BYTE), 
	"PRICE" NUMBER, 
	"SALE_PRICE" NUMBER, 
	"CREATED_AT" TIMESTAMP (6) DEFAULT CURRENT_TIMESTAMP, 
	"RELEASED" VARCHAR2(20 BYTE), 
	"ESRB_RATING" VARCHAR2(20 BYTE), 
	"CART_TYPE" VARCHAR2(10 BYTE) DEFAULT 'LIKE'
   ) SEGMENT CREATION IMMEDIATE 
  PCTFREE 10 PCTUSED 40 INITRANS 1 MAXTRANS 255 
 NOCOMPRESS LOGGING
  STORAGE(INITIAL 65536 NEXT 1048576 MINEXTENTS 1 MAXEXTENTS 2147483645
  PCTINCREASE 0 FREELISTS 1 FREELIST GROUPS 1
  BUFFER_POOL DEFAULT FLASH_CACHE DEFAULT CELL_FLASH_CACHE DEFAULT)
  TABLESPACE "USERS" ;

   COMMENT ON COLUMN "SCOTT"."GAME_LIKE"."LIKE_ID" IS '좋아요(찜) 고유 ID (시퀀스로 자동 증가)';
   COMMENT ON COLUMN "SCOTT"."GAME_LIKE"."USER_NAME" IS '게임을 찜한 사용자 이름';
   COMMENT ON COLUMN "SCOTT"."GAME_LIKE"."GAME_ID" IS '찜한 게임 고유 ID (게임 테이블 참조)';
   COMMENT ON COLUMN "SCOTT"."GAME_LIKE"."TITLE" IS '찜한 게임 제목';
   COMMENT ON COLUMN "SCOTT"."GAME_LIKE"."BACKGROUND_IMAGE" IS '게임 배경 이미지 URL';
   COMMENT ON COLUMN "SCOTT"."GAME_LIKE"."PRICE" IS '게임 정가';
   COMMENT ON COLUMN "SCOTT"."GAME_LIKE"."SALE_PRICE" IS '게임 할인가';
   COMMENT ON COLUMN "SCOTT"."GAME_LIKE"."CREATED_AT" IS '찜 등록 일시 (기본값: 현재 시각)';
   COMMENT ON COLUMN "SCOTT"."GAME_LIKE"."RELEASED" IS '게임 출시일';
   COMMENT ON COLUMN "SCOTT"."GAME_LIKE"."ESRB_RATING" IS '게임 ESRB 연령 등급 (예: E, T, M)';
   COMMENT ON COLUMN "SCOTT"."GAME_LIKE"."CART_TYPE" IS '찜 유형 (LIKE으로 고정, CART와 구분 용도)';
--------------------------------------------------------
--  DDL for Table INQUIRY
--------------------------------------------------------

  CREATE TABLE "SCOTT"."INQUIRY" 
   (	"INQUIRY_ID" NUMBER GENERATED ALWAYS AS IDENTITY MINVALUE 1 MAXVALUE 9999999999999999999999999999 INCREMENT BY 1 START WITH 1 CACHE 20 NOORDER  NOCYCLE  NOKEEP  NOSCALE , 
	"USER_ID" NUMBER, 
	"CATEGORY" VARCHAR2(100 BYTE), 
	"CONTENT" CLOB, 
	"STATUS" VARCHAR2(20 BYTE) DEFAULT '대기중', 
	"CREATED_AT" DATE DEFAULT SYSDATE, 
	"UPDATED_AT" DATE DEFAULT SYSDATE                             -- 수정일

   ) SEGMENT CREATION IMMEDIATE 
  PCTFREE 10 PCTUSED 40 INITRANS 1 MAXTRANS 255 
 NOCOMPRESS LOGGING
  STORAGE(INITIAL 65536 NEXT 1048576 MINEXTENTS 1 MAXEXTENTS 2147483645
  PCTINCREASE 0 FREELISTS 1 FREELIST GROUPS 1
  BUFFER_POOL DEFAULT FLASH_CACHE DEFAULT CELL_FLASH_CACHE DEFAULT)
  TABLESPACE "USERS" 
 LOB ("CONTENT") STORE AS SECUREFILE (
  TABLESPACE "USERS" ENABLE STORAGE IN ROW 4000 CHUNK 8192
  NOCACHE LOGGING  NOCOMPRESS  KEEP_DUPLICATES 
  STORAGE(INITIAL 262144 NEXT 1048576 MINEXTENTS 1 MAXEXTENTS 2147483645
  PCTINCREASE 0
  BUFFER_POOL DEFAULT FLASH_CACHE DEFAULT CELL_FLASH_CACHE DEFAULT)) ;

   COMMENT ON COLUMN "SCOTT"."INQUIRY"."INQUIRY_ID" IS '문의 고유 ID (시퀀스로 자동 증가)';
   COMMENT ON COLUMN "SCOTT"."INQUIRY"."USER_ID" IS '문의 작성자 사용자 ID (USERS 테이블 참조)';
   COMMENT ON COLUMN "SCOTT"."INQUIRY"."CATEGORY" IS '문의 분류 (예: 결제, 계정, 버그, 기타)';
   COMMENT ON COLUMN "SCOTT"."INQUIRY"."CONTENT" IS '문의 내용 본문 (긴 글 허용, CLOB 사용)';
   COMMENT ON COLUMN "SCOTT"."INQUIRY"."STATUS" IS '문의 처리 상태 (예: 미처리, 처리중, 완료)';
   COMMENT ON COLUMN "SCOTT"."INQUIRY"."CREATED_AT" IS '문의 작성일';
   COMMENT ON COLUMN "SCOTT"."INQUIRY"."UPDATED_AT" IS '문의 수정일 (상태 변경 또는 답변 등)';
--------------------------------------------------------
--  DDL for Table REFRESH_TOKEN
--------------------------------------------------------

  CREATE TABLE "SCOTT"."REFRESH_TOKEN" 
   (	"TOKEN_ID" NUMBER(19,0), 
	"CREATED_AT" TIMESTAMP (6), 
	"UPDATED_AT" TIMESTAMP (6), 
	"EXPIRY_DT" TIMESTAMP (6), 
	"REFRESH_COUNT" NUMBER(19,0), 
	"TOKEN" VARCHAR2(255 CHAR), 
	"USER_DEVICE_ID" NUMBER(19,0)
   ) SEGMENT CREATION IMMEDIATE 
  PCTFREE 10 PCTUSED 40 INITRANS 1 MAXTRANS 255 
 NOCOMPRESS LOGGING
  STORAGE(INITIAL 65536 NEXT 1048576 MINEXTENTS 1 MAXEXTENTS 2147483645
  PCTINCREASE 0 FREELISTS 1 FREELIST GROUPS 1
  BUFFER_POOL DEFAULT FLASH_CACHE DEFAULT CELL_FLASH_CACHE DEFAULT)
  TABLESPACE "USERS" ;

   COMMENT ON COLUMN "SCOTT"."REFRESH_TOKEN"."TOKEN_ID" IS '리프레시 토큰 고유 ID (시퀀스 또는 UUID)';
   COMMENT ON COLUMN "SCOTT"."REFRESH_TOKEN"."CREATED_AT" IS '토큰 생성 일시';
   COMMENT ON COLUMN "SCOTT"."REFRESH_TOKEN"."UPDATED_AT" IS '토큰 최종 수정 일시';
   COMMENT ON COLUMN "SCOTT"."REFRESH_TOKEN"."EXPIRY_DT" IS '토큰 만료 일시';
   COMMENT ON COLUMN "SCOTT"."REFRESH_TOKEN"."REFRESH_COUNT" IS '토큰 재발급 횟수';
   COMMENT ON COLUMN "SCOTT"."REFRESH_TOKEN"."TOKEN" IS '리프레시 토큰 문자열 (JWT 또는 랜덤 UUID)';
   COMMENT ON COLUMN "SCOTT"."REFRESH_TOKEN"."USER_DEVICE_ID" IS '토큰이 발급된 디바이스 ID (USER_DEVICE 테이블 참조)';
--------------------------------------------------------
--  DDL for Table REVIEW
--------------------------------------------------------

  CREATE TABLE "SCOTT"."REVIEW" 
   (	"REVIEW_ID" NUMBER GENERATED BY DEFAULT AS IDENTITY MINVALUE 1 MAXVALUE 9999999999999999999999999999 INCREMENT BY 1 START WITH 1 CACHE 20 NOORDER  NOCYCLE  NOKEEP  NOSCALE , 
	"USER_NAME" VARCHAR2(30 BYTE), 
	"GAME_ID" NUMBER, 
	"RATING" NUMBER, 
	"CONTENT" VARCHAR2(1000 BYTE), 
	"CREATED_AT" TIMESTAMP (6) DEFAULT CURRENT_TIMESTAMP, 
	"UPDATED_AT" TIMESTAMP (6) DEFAULT CURRENT_TIMESTAMP
   ) SEGMENT CREATION IMMEDIATE 
  PCTFREE 10 PCTUSED 40 INITRANS 1 MAXTRANS 255 
 NOCOMPRESS LOGGING
  STORAGE(INITIAL 65536 NEXT 1048576 MINEXTENTS 1 MAXEXTENTS 2147483645
  PCTINCREASE 0 FREELISTS 1 FREELIST GROUPS 1
  BUFFER_POOL DEFAULT FLASH_CACHE DEFAULT CELL_FLASH_CACHE DEFAULT)
  TABLESPACE "USERS" ;

   COMMENT ON COLUMN "SCOTT"."REVIEW"."REVIEW_ID" IS '리뷰 고유 ID (시퀀스로 자동 증가)';
   COMMENT ON COLUMN "SCOTT"."REVIEW"."USER_NAME" IS '리뷰 작성자 사용자 이름';
   COMMENT ON COLUMN "SCOTT"."REVIEW"."GAME_ID" IS '리뷰 대상 게임 ID (게임 테이블 참조)';
   COMMENT ON COLUMN "SCOTT"."REVIEW"."RATING" IS '사용자 평점 (예: 1~5 범위)';
   COMMENT ON COLUMN "SCOTT"."REVIEW"."CONTENT" IS '리뷰 본문 내용 (최대 1000자)';
   COMMENT ON COLUMN "SCOTT"."REVIEW"."CREATED_AT" IS '리뷰 최초 작성 일시 (자동 등록)';
   COMMENT ON COLUMN "SCOTT"."REVIEW"."UPDATED_AT" IS '리뷰 최종 수정 일시 (자동 갱신)';
--------------------------------------------------------
--  DDL for Table ROLE
--------------------------------------------------------

  CREATE TABLE "SCOTT"."ROLE" 
   (	"ROLE_ID" NUMBER(19,0) GENERATED ALWAYS AS IDENTITY MINVALUE 1 MAXVALUE 9999999999999999999999999999 INCREMENT BY 1 START WITH 1 CACHE 20 NOORDER  NOCYCLE  NOKEEP  NOSCALE , 
	"ROLE_NAME" VARCHAR2(255 CHAR)
   ) SEGMENT CREATION IMMEDIATE 
  PCTFREE 10 PCTUSED 40 INITRANS 1 MAXTRANS 255 
 NOCOMPRESS LOGGING
  STORAGE(INITIAL 65536 NEXT 1048576 MINEXTENTS 1 MAXEXTENTS 2147483645
  PCTINCREASE 0 FREELISTS 1 FREELIST GROUPS 1
  BUFFER_POOL DEFAULT FLASH_CACHE DEFAULT CELL_FLASH_CACHE DEFAULT)
  TABLESPACE "USERS" ;

   COMMENT ON COLUMN "SCOTT"."ROLE"."ROLE_ID" IS '권한 고유 ID (시퀀스 자동 증가)';
   COMMENT ON COLUMN "SCOTT"."ROLE"."ROLE_NAME" IS '권한 이름 (예: ROLE_USER, ROLE_ADMIN 등)';
--------------------------------------------------------
--  DDL for Table USER_AUTHORITY
--------------------------------------------------------

  CREATE TABLE "SCOTT"."USER_AUTHORITY" 
   (	"USER_ID" NUMBER(19,0), 
	"ROLE_ID" NUMBER(19,0)
   ) SEGMENT CREATION IMMEDIATE 
  PCTFREE 10 PCTUSED 40 INITRANS 1 MAXTRANS 255 
 NOCOMPRESS LOGGING
  STORAGE(INITIAL 65536 NEXT 1048576 MINEXTENTS 1 MAXEXTENTS 2147483645
  PCTINCREASE 0 FREELISTS 1 FREELIST GROUPS 1
  BUFFER_POOL DEFAULT FLASH_CACHE DEFAULT CELL_FLASH_CACHE DEFAULT)
  TABLESPACE "USERS" ;

   COMMENT ON COLUMN "SCOTT"."USER_AUTHORITY"."USER_ID" IS '권한이 부여된 사용자 고유 ID (USERS 테이블 참조)';
   COMMENT ON COLUMN "SCOTT"."USER_AUTHORITY"."ROLE_ID" IS '부여된 권한의 고유 ID (ROLE 테이블 참조)';
--------------------------------------------------------
--  DDL for Table USER_DEVICE
--------------------------------------------------------

  CREATE TABLE "SCOTT"."USER_DEVICE" 
   (	"USER_DEVICE_ID" NUMBER(19,0) GENERATED ALWAYS AS IDENTITY MINVALUE 1 MAXVALUE 9999999999999999999999999999 INCREMENT BY 1 START WITH 1 CACHE 20 NOORDER  NOCYCLE  NOKEEP  NOSCALE , 
	"CREATED_AT" TIMESTAMP (6), 
	"UPDATED_AT" TIMESTAMP (6), 
	"DEVICE_ID" VARCHAR2(255 CHAR), 
	"DEVICE_TYPE" VARCHAR2(255 CHAR), 
	"IS_REFRESH_ACTIVE" NUMBER(1,0), 
	"NOTIFICATION_TOKEN" VARCHAR2(255 CHAR), 
	"USER_ID" NUMBER(19,0)
   ) SEGMENT CREATION IMMEDIATE 
  PCTFREE 10 PCTUSED 40 INITRANS 1 MAXTRANS 255 
 NOCOMPRESS LOGGING
  STORAGE(INITIAL 65536 NEXT 1048576 MINEXTENTS 1 MAXEXTENTS 2147483645
  PCTINCREASE 0 FREELISTS 1 FREELIST GROUPS 1
  BUFFER_POOL DEFAULT FLASH_CACHE DEFAULT CELL_FLASH_CACHE DEFAULT)
  TABLESPACE "USERS" ;

   COMMENT ON COLUMN "SCOTT"."USER_DEVICE"."USER_DEVICE_ID" IS '사용자 디바이스 고유 ID (시퀀스 자동 증가)';
   COMMENT ON COLUMN "SCOTT"."USER_DEVICE"."CREATED_AT" IS '디바이스 정보 최초 등록 시각';
   COMMENT ON COLUMN "SCOTT"."USER_DEVICE"."UPDATED_AT" IS '디바이스 정보 최종 수정 시각';
   COMMENT ON COLUMN "SCOTT"."USER_DEVICE"."DEVICE_ID" IS '디바이스 고유 식별자 (예: UUID, 설치 ID)';
   COMMENT ON COLUMN "SCOTT"."USER_DEVICE"."DEVICE_TYPE" IS '디바이스 유형 (예: WEB, ANDROID, IOS 등)';
   COMMENT ON COLUMN "SCOTT"."USER_DEVICE"."IS_REFRESH_ACTIVE" IS '리프레시 토큰 활성 여부 (1: 사용 중, 0: 비활성)';
   COMMENT ON COLUMN "SCOTT"."USER_DEVICE"."NOTIFICATION_TOKEN" IS '푸시 알림을 위한 FCM 토큰 등 등록 토큰';
   COMMENT ON COLUMN "SCOTT"."USER_DEVICE"."USER_ID" IS '사용자 고유 ID (USERS 테이블 참조)';
--------------------------------------------------------
--  DDL for Table USERS
--------------------------------------------------------

  CREATE TABLE "SCOTT"."USERS" 
   (	"USER_ID" NUMBER(19,0) GENERATED ALWAYS AS IDENTITY MINVALUE 1 MAXVALUE 9999999999999999999999999999 INCREMENT BY 1 START WITH 1 CACHE 20 NOORDER  NOCYCLE  NOKEEP  NOSCALE , 
	"CREATED_AT" TIMESTAMP (6), 
	"UPDATED_AT" TIMESTAMP (6), 
	"IS_ACTIVE" NUMBER(1,0) DEFAULT NULL, 
	"EMAIL" VARCHAR2(255 CHAR), 
	"IS_EMAIL_VERIFIED" NUMBER(1,0), 
	"NAME" VARCHAR2(255 CHAR), 
	"PASSWORD" VARCHAR2(255 CHAR), 
	"USERNAME" VARCHAR2(30 CHAR), 
	"BIRTH" DATE
   ) SEGMENT CREATION IMMEDIATE 
  PCTFREE 10 PCTUSED 40 INITRANS 1 MAXTRANS 255 
 NOCOMPRESS LOGGING
  STORAGE(INITIAL 65536 NEXT 1048576 MINEXTENTS 1 MAXEXTENTS 2147483645
  PCTINCREASE 0 FREELISTS 1 FREELIST GROUPS 1
  BUFFER_POOL DEFAULT FLASH_CACHE DEFAULT CELL_FLASH_CACHE DEFAULT)
  TABLESPACE "USERS" ;

   COMMENT ON COLUMN "SCOTT"."USERS"."USER_ID" IS '사용자 고유 ID (시퀀스 자동 증가)';
   COMMENT ON COLUMN "SCOTT"."USERS"."CREATED_AT" IS '계정 생성일시 (회원 가입 시 자동 등록)';
   COMMENT ON COLUMN "SCOTT"."USERS"."UPDATED_AT" IS '마지막 수정일시 (정보 수정 시 자동 갱신)';
   COMMENT ON COLUMN "SCOTT"."USERS"."IS_ACTIVE" IS '계정 활성 여부 (1: 활성, 0: 비활성)';
   COMMENT ON COLUMN "SCOTT"."USERS"."EMAIL" IS '사용자 이메일 주소';
   COMMENT ON COLUMN "SCOTT"."USERS"."IS_EMAIL_VERIFIED" IS '이메일 인증 여부 (1: 인증됨, 0: 미인증)';
   COMMENT ON COLUMN "SCOTT"."USERS"."NAME" IS '사용자 이름 또는 실명';
   COMMENT ON COLUMN "SCOTT"."USERS"."PASSWORD" IS '비밀번호 (암호화 저장)';
   COMMENT ON COLUMN "SCOTT"."USERS"."USERNAME" IS '사용자 로그인 아이디 또는 닉네임 (중복 불가)';
   COMMENT ON COLUMN "SCOTT"."USERS"."BIRTH" IS '생년월일 (YYYY-MM-DD 형식)';
REM INSERTING into SCOTT.GAME_CART
SET DEFINE OFF;
Insert into SCOTT.GAME_CART (CART_ID,USER_NAME,GAME_ID,TITLE,BACKGROUND_IMAGE,PRICE,SALE_PRICE,CREATED_AT,RELEASED,ESRB_RATING,CART_TYPE) values (130,'kimdo',4200,'Portal 2','https://media.rawg.io/media/games/2ba/2bac0e87cf45e5b508f227d281c9252a.jpg',2200,2000,to_timestamp('25/07/03 17:04:44.566000000','RR/MM/DD HH24:MI:SSXFF'),'2011-04-18','Everyone 10+','CART');
Insert into SCOTT.GAME_CART (CART_ID,USER_NAME,GAME_ID,TITLE,BACKGROUND_IMAGE,PRICE,SALE_PRICE,CREATED_AT,RELEASED,ESRB_RATING,CART_TYPE) values (164,'kimdo',4286,'BioShock','https://media.rawg.io/media/games/bc0/bc06a29ceac58652b684deefe7d56099.jpg',5250,0,to_timestamp('25/07/08 11:16:13.274000000','RR/MM/DD HH24:MI:SSXFF'),null,null,'CART');
Insert into SCOTT.GAME_CART (CART_ID,USER_NAME,GAME_ID,TITLE,BACKGROUND_IMAGE,PRICE,SALE_PRICE,CREATED_AT,RELEASED,ESRB_RATING,CART_TYPE) values (165,'kimdo',13536,'Portal','https://media.rawg.io/media/games/7fa/7fa0b586293c5861ee32490e953a4996.jpg',2200,0,to_timestamp('25/07/08 11:17:15.731000000','RR/MM/DD HH24:MI:SSXFF'),null,null,'CART');
Insert into SCOTT.GAME_CART (CART_ID,USER_NAME,GAME_ID,TITLE,BACKGROUND_IMAGE,PRICE,SALE_PRICE,CREATED_AT,RELEASED,ESRB_RATING,CART_TYPE) values (162,'kimdo',1030,'Limbo','https://media.rawg.io/media/games/942/9424d6bb763dc38d9378b488603c87fa.jpg',1100,0,to_timestamp('25/07/08 09:27:20.911000000','RR/MM/DD HH24:MI:SSXFF'),'2010-07-21','Teen','CART');
Insert into SCOTT.GAME_CART (CART_ID,USER_NAME,GAME_ID,TITLE,BACKGROUND_IMAGE,PRICE,SALE_PRICE,CREATED_AT,RELEASED,ESRB_RATING,CART_TYPE) values (174,'kimdo',974379,'DRAGON BALL: Sparking! ZERO','https://media.rawg.io/media/screenshots/64f/64fdee7e7b863fbc22460cb8e38614b9.jpg',55860,44688,to_timestamp('25/07/09 16:35:47.865000000','RR/MM/DD HH24:MI:SSXFF'),null,'Teen','CART');
REM INSERTING into SCOTT.GAME_DISCOUNT
SET DEFINE OFF;
Insert into SCOTT.GAME_DISCOUNT (DISCOUNT_ID,USER_NAME,GAME_ID,TITLE,BACKGROUND_IMAGE,PRICE,SALE_PRICE,RELEASED,ESRB_RATING,CREATED_AT) values (84,'kimdo',974379,'DRAGON BALL: Sparking! ZERO','https://media.rawg.io/media/screenshots/64f/64fdee7e7b863fbc22460cb8e38614b9.jpg',55860,44688,null,'Teen',to_timestamp('25/07/08 15:36:56.941000000','RR/MM/DD HH24:MI:SSXFF'));
Insert into SCOTT.GAME_DISCOUNT (DISCOUNT_ID,USER_NAME,GAME_ID,TITLE,BACKGROUND_IMAGE,PRICE,SALE_PRICE,RELEASED,ESRB_RATING,CREATED_AT) values (83,'kimdo',996616,'Ninja Gaiden 4','https://media.rawg.io/media/games/9e8/9e8752c9e8ee0b5030b2851558506ecb.jpg',79800,47880,'2025-10-21','정보 없음',to_timestamp('25/07/08 14:42:33.463000000','RR/MM/DD HH24:MI:SSXFF'));
Insert into SCOTT.GAME_DISCOUNT (DISCOUNT_ID,USER_NAME,GAME_ID,TITLE,BACKGROUND_IMAGE,PRICE,SALE_PRICE,RELEASED,ESRB_RATING,CREATED_AT) values (82,'kimdo',840775,'Dune: Awakening','https://media.rawg.io/media/games/593/593c074cdf1ea15b8c9a2513676020e6.jpg',49900,19960,'2025-06-10','Mature',to_timestamp('25/07/08 14:36:41.774000000','RR/MM/DD HH24:MI:SSXFF'));
REM INSERTING into SCOTT.GAME_GROUP_APPLICANT
SET DEFINE OFF;
Insert into SCOTT.GAME_GROUP_APPLICANT (APPLICANT_ID,GAME_ID,USER_NAME,CREATED_AT) values (34,996616,'looksam',to_timestamp('25/07/08 17:44:48.297000000','RR/MM/DD HH24:MI:SSXFF'));
Insert into SCOTT.GAME_GROUP_APPLICANT (APPLICANT_ID,GAME_ID,USER_NAME,CREATED_AT) values (35,840775,'looksam',to_timestamp('25/07/08 17:44:52.008000000','RR/MM/DD HH24:MI:SSXFF'));
Insert into SCOTT.GAME_GROUP_APPLICANT (APPLICANT_ID,GAME_ID,USER_NAME,CREATED_AT) values (30,974379,'kimdo',to_timestamp('25/07/08 17:15:30.933000000','RR/MM/DD HH24:MI:SSXFF'));
Insert into SCOTT.GAME_GROUP_APPLICANT (APPLICANT_ID,GAME_ID,USER_NAME,CREATED_AT) values (22,802,'kimdo',to_timestamp('25/07/08 17:03:43.001000000','RR/MM/DD HH24:MI:SSXFF'));
Insert into SCOTT.GAME_GROUP_APPLICANT (APPLICANT_ID,GAME_ID,USER_NAME,CREATED_AT) values (25,840775,'gksrlqhr',to_timestamp('25/07/08 17:09:27.225000000','RR/MM/DD HH24:MI:SSXFF'));
Insert into SCOTT.GAME_GROUP_APPLICANT (APPLICANT_ID,GAME_ID,USER_NAME,CREATED_AT) values (26,974379,'gksrlqhr',to_timestamp('25/07/08 17:09:29.325000000','RR/MM/DD HH24:MI:SSXFF'));
Insert into SCOTT.GAME_GROUP_APPLICANT (APPLICANT_ID,GAME_ID,USER_NAME,CREATED_AT) values (32,974379,'rlqhr',to_timestamp('25/07/08 17:19:12.462000000','RR/MM/DD HH24:MI:SSXFF'));
Insert into SCOTT.GAME_GROUP_APPLICANT (APPLICANT_ID,GAME_ID,USER_NAME,CREATED_AT) values (28,974379,'kbtest',to_timestamp('25/07/08 17:09:56.124000000','RR/MM/DD HH24:MI:SSXFF'));
Insert into SCOTT.GAME_GROUP_APPLICANT (APPLICANT_ID,GAME_ID,USER_NAME,CREATED_AT) values (29,974379,'roletest',to_timestamp('25/07/08 17:10:02.580000000','RR/MM/DD HH24:MI:SSXFF'));
Insert into SCOTT.GAME_GROUP_APPLICANT (APPLICANT_ID,GAME_ID,USER_NAME,CREATED_AT) values (40,840775,'kimdo',to_timestamp('25/07/09 16:35:50.774000000','RR/MM/DD HH24:MI:SSXFF'));
REM INSERTING into SCOTT.GAME_GROUP_PURCHASE
SET DEFINE OFF;
Insert into SCOTT.GAME_GROUP_PURCHASE (GROUP_ID,USER_NAME,GAME_ID,APPLICANTS,CURRENT_APPLICANTS,IS_ACTIVE,CREATED_AT) values (3,'kimdo',974379,5,5,0,to_timestamp('25/07/08 15:36:56.942000000','RR/MM/DD HH24:MI:SSXFF'));
Insert into SCOTT.GAME_GROUP_PURCHASE (GROUP_ID,USER_NAME,GAME_ID,APPLICANTS,CURRENT_APPLICANTS,IS_ACTIVE,CREATED_AT) values (1,'kimdo',840775,10,3,1,to_timestamp('25/07/08 14:36:42.075000000','RR/MM/DD HH24:MI:SSXFF'));
Insert into SCOTT.GAME_GROUP_PURCHASE (GROUP_ID,USER_NAME,GAME_ID,APPLICANTS,CURRENT_APPLICANTS,IS_ACTIVE,CREATED_AT) values (2,'kimdo',996616,1,2,0,to_timestamp('25/07/08 14:42:33.463000000','RR/MM/DD HH24:MI:SSXFF'));
REM INSERTING into SCOTT.GAME_LIKE
SET DEFINE OFF;
Insert into SCOTT.GAME_LIKE (LIKE_ID,USER_NAME,GAME_ID,TITLE,BACKGROUND_IMAGE,PRICE,SALE_PRICE,CREATED_AT,RELEASED,ESRB_RATING,CART_TYPE) values (169,'kimdo',974379,'DRAGON BALL: Sparking! ZERO','https://media.rawg.io/media/screenshots/64f/64fdee7e7b863fbc22460cb8e38614b9.jpg',55860,0,to_timestamp('25/07/08 19:22:41.277000000','RR/MM/DD HH24:MI:SSXFF'),null,'Teen','LIKE');
Insert into SCOTT.GAME_LIKE (LIKE_ID,USER_NAME,GAME_ID,TITLE,BACKGROUND_IMAGE,PRICE,SALE_PRICE,CREATED_AT,RELEASED,ESRB_RATING,CART_TYPE) values (104,'kimdo',4286,'BioShock','https://media.rawg.io/media/games/bc0/bc06a29ceac58652b684deefe7d56099.jpg',5250,0,to_timestamp('25/07/03 15:58:51.686000000','RR/MM/DD HH24:MI:SSXFF'),'2007-08-21','Mature','LIKE');
Insert into SCOTT.GAME_LIKE (LIKE_ID,USER_NAME,GAME_ID,TITLE,BACKGROUND_IMAGE,PRICE,SALE_PRICE,CREATED_AT,RELEASED,ESRB_RATING,CART_TYPE) values (141,'kimdo',13537,'Half-Life 2','https://media.rawg.io/media/games/b8c/b8c243eaa0fbac8115e0cdccac3f91dc.jpg',2200,0,to_timestamp('25/07/07 12:35:15.576000000','RR/MM/DD HH24:MI:SSXFF'),'2004-11-16','Mature','LIKE');
Insert into SCOTT.GAME_LIKE (LIKE_ID,USER_NAME,GAME_ID,TITLE,BACKGROUND_IMAGE,PRICE,SALE_PRICE,CREATED_AT,RELEASED,ESRB_RATING,CART_TYPE) values (89,'kimdo',28,'Red Dead Redemption 2','https://media.rawg.io/media/games/511/5118aff5091cb3efec399c808f8c598f.jpg',19,0,to_timestamp('25/07/02 14:49:37.550000000','RR/MM/DD HH24:MI:SSXFF'),null,null,'LIKE');
Insert into SCOTT.GAME_LIKE (LIKE_ID,USER_NAME,GAME_ID,TITLE,BACKGROUND_IMAGE,PRICE,SALE_PRICE,CREATED_AT,RELEASED,ESRB_RATING,CART_TYPE) values (122,'kimdo',3498,'Grand Theft Auto V','https://media.rawg.io/media/games/20a/20aa03a10cda45239fe22d035c0ebe64.jpg',18390,0,to_timestamp('25/07/04 11:30:08.798000000','RR/MM/DD HH24:MI:SSXFF'),'2013-09-17','Mature','LIKE');
Insert into SCOTT.GAME_LIKE (LIKE_ID,USER_NAME,GAME_ID,TITLE,BACKGROUND_IMAGE,PRICE,SALE_PRICE,CREATED_AT,RELEASED,ESRB_RATING,CART_TYPE) values (166,'kimdo',996616,'Ninja Gaiden 4','https://media.rawg.io/media/games/9e8/9e8752c9e8ee0b5030b2851558506ecb.jpg',79800,0,to_timestamp('25/07/08 16:22:42.839000000','RR/MM/DD HH24:MI:SSXFF'),'2025-10-21','정보 없음','LIKE');
Insert into SCOTT.GAME_LIKE (LIKE_ID,USER_NAME,GAME_ID,TITLE,BACKGROUND_IMAGE,PRICE,SALE_PRICE,CREATED_AT,RELEASED,ESRB_RATING,CART_TYPE) values (168,'kimdo',840775,'Dune: Awakening','https://media.rawg.io/media/games/593/593c074cdf1ea15b8c9a2513676020e6.jpg',49900,0,to_timestamp('25/07/08 17:09:40.882000000','RR/MM/DD HH24:MI:SSXFF'),'2025-06-10','Mature','LIKE');
Insert into SCOTT.GAME_LIKE (LIKE_ID,USER_NAME,GAME_ID,TITLE,BACKGROUND_IMAGE,PRICE,SALE_PRICE,CREATED_AT,RELEASED,ESRB_RATING,CART_TYPE) values (94,'kimdo',51432,'The Wolf Among Us 2','https://media.rawg.io/media/games/845/84539f8f33fea2c753cca0ce3a6d168f.jpg',6200,2050,to_timestamp('25/07/02 15:48:29.611000000','RR/MM/DD HH24:MI:SSXFF'),null,null,'LIKE');
REM INSERTING into SCOTT.INQUIRY
SET DEFINE OFF;
Insert into SCOTT.INQUIRY (INQUIRY_ID,USER_ID,CATEGORY,STATUS,CREATED_AT,UPDATED_AT) values (3,1,'결제 관련','대기중',to_date('25/07/09','RR/MM/DD'),to_date('25/07/09','RR/MM/DD'));
Insert into SCOTT.INQUIRY (INQUIRY_ID,USER_ID,CATEGORY,STATUS,CREATED_AT,UPDATED_AT) values (4,62,'결제 관련','대기중',to_date('25/07/09','RR/MM/DD'),to_date('25/07/09','RR/MM/DD'));
Insert into SCOTT.INQUIRY (INQUIRY_ID,USER_ID,CATEGORY,STATUS,CREATED_AT,UPDATED_AT) values (5,62,'테스트 테스트','대기중',to_date('25/07/09','RR/MM/DD'),to_date('25/07/09','RR/MM/DD'));
Insert into SCOTT.INQUIRY (INQUIRY_ID,USER_ID,CATEGORY,STATUS,CREATED_AT,UPDATED_AT) values (6,62,'버그 제보','대기중',to_date('25/07/09','RR/MM/DD'),to_date('25/07/09','RR/MM/DD'));
Insert into SCOTT.INQUIRY (INQUIRY_ID,USER_ID,CATEGORY,STATUS,CREATED_AT,UPDATED_AT) values (7,62,'testtest','대기중',to_date('25/07/09','RR/MM/DD'),to_date('25/07/09','RR/MM/DD'));
Insert into SCOTT.INQUIRY (INQUIRY_ID,USER_ID,CATEGORY,STATUS,CREATED_AT,UPDATED_AT) values (8,61,'기타','대기중',to_date('25/07/09','RR/MM/DD'),to_date('25/07/09','RR/MM/DD'));
REM INSERTING into SCOTT.REFRESH_TOKEN
SET DEFINE OFF;
Insert into SCOTT.REFRESH_TOKEN (TOKEN_ID,CREATED_AT,UPDATED_AT,EXPIRY_DT,REFRESH_COUNT,TOKEN,USER_DEVICE_ID) values (57,to_timestamp('25/06/25 10:14:50.337000000','RR/MM/DD HH24:MI:SSXFF'),to_timestamp('25/06/25 10:14:50.337000000','RR/MM/DD HH24:MI:SSXFF'),to_timestamp('25/08/24 10:14:50.309000000','RR/MM/DD HH24:MI:SSXFF'),0,'aefa0a25-517f-41fc-81e7-985adf3a82d1',57);
Insert into SCOTT.REFRESH_TOKEN (TOKEN_ID,CREATED_AT,UPDATED_AT,EXPIRY_DT,REFRESH_COUNT,TOKEN,USER_DEVICE_ID) values (67,to_timestamp('25/06/26 17:24:59.324000000','RR/MM/DD HH24:MI:SSXFF'),to_timestamp('25/06/26 17:24:59.324000000','RR/MM/DD HH24:MI:SSXFF'),to_timestamp('25/08/25 17:24:59.276000000','RR/MM/DD HH24:MI:SSXFF'),0,'c1358ed3-de5f-47f8-9597-6a2ae0a27171',67);
Insert into SCOTT.REFRESH_TOKEN (TOKEN_ID,CREATED_AT,UPDATED_AT,EXPIRY_DT,REFRESH_COUNT,TOKEN,USER_DEVICE_ID) values (74,to_timestamp('25/06/27 15:14:47.591000000','RR/MM/DD HH24:MI:SSXFF'),to_timestamp('25/06/27 15:14:47.591000000','RR/MM/DD HH24:MI:SSXFF'),to_timestamp('25/08/26 15:14:47.559000000','RR/MM/DD HH24:MI:SSXFF'),0,'b70dccf9-5d30-4ae0-aade-5b2dc9b94919',74);
Insert into SCOTT.REFRESH_TOKEN (TOKEN_ID,CREATED_AT,UPDATED_AT,EXPIRY_DT,REFRESH_COUNT,TOKEN,USER_DEVICE_ID) values (77,to_timestamp('25/06/30 11:20:34.181000000','RR/MM/DD HH24:MI:SSXFF'),to_timestamp('25/06/30 11:20:34.181000000','RR/MM/DD HH24:MI:SSXFF'),to_timestamp('25/08/29 11:20:34.156000000','RR/MM/DD HH24:MI:SSXFF'),0,'43c3207e-17f4-471b-a067-fd12aab3f2a8',77);
Insert into SCOTT.REFRESH_TOKEN (TOKEN_ID,CREATED_AT,UPDATED_AT,EXPIRY_DT,REFRESH_COUNT,TOKEN,USER_DEVICE_ID) values (91,to_timestamp('25/07/01 15:19:10.791000000','RR/MM/DD HH24:MI:SSXFF'),to_timestamp('25/07/01 15:19:10.791000000','RR/MM/DD HH24:MI:SSXFF'),to_timestamp('25/08/30 15:19:10.776000000','RR/MM/DD HH24:MI:SSXFF'),0,'bb0ca4b6-c9aa-4c42-ac5e-3d498aa532c1',91);
Insert into SCOTT.REFRESH_TOKEN (TOKEN_ID,CREATED_AT,UPDATED_AT,EXPIRY_DT,REFRESH_COUNT,TOKEN,USER_DEVICE_ID) values (111,to_timestamp('25/07/02 17:11:24.000000000','RR/MM/DD HH24:MI:SSXFF'),to_timestamp('25/07/02 17:11:24.000000000','RR/MM/DD HH24:MI:SSXFF'),to_timestamp('25/08/31 17:11:24.000000000','RR/MM/DD HH24:MI:SSXFF'),0,'b61d9f1e-19f9-4a4d-833b-b6b702a0cf07',111);
Insert into SCOTT.REFRESH_TOKEN (TOKEN_ID,CREATED_AT,UPDATED_AT,EXPIRY_DT,REFRESH_COUNT,TOKEN,USER_DEVICE_ID) values (112,to_timestamp('25/07/02 17:13:35.534000000','RR/MM/DD HH24:MI:SSXFF'),to_timestamp('25/07/02 17:13:35.534000000','RR/MM/DD HH24:MI:SSXFF'),to_timestamp('25/08/31 17:13:35.533000000','RR/MM/DD HH24:MI:SSXFF'),0,'0fd7fb3e-1f80-462b-822c-4ba2731d5053',112);
Insert into SCOTT.REFRESH_TOKEN (TOKEN_ID,CREATED_AT,UPDATED_AT,EXPIRY_DT,REFRESH_COUNT,TOKEN,USER_DEVICE_ID) values (118,to_timestamp('25/07/03 12:10:14.444000000','RR/MM/DD HH24:MI:SSXFF'),to_timestamp('25/07/03 12:10:14.444000000','RR/MM/DD HH24:MI:SSXFF'),to_timestamp('25/09/01 12:10:14.410000000','RR/MM/DD HH24:MI:SSXFF'),0,'85275f99-f77f-40ad-915d-00d2900d3b29',118);
Insert into SCOTT.REFRESH_TOKEN (TOKEN_ID,CREATED_AT,UPDATED_AT,EXPIRY_DT,REFRESH_COUNT,TOKEN,USER_DEVICE_ID) values (120,to_timestamp('25/07/03 15:10:35.648000000','RR/MM/DD HH24:MI:SSXFF'),to_timestamp('25/07/03 15:10:35.648000000','RR/MM/DD HH24:MI:SSXFF'),to_timestamp('25/09/01 15:10:35.623000000','RR/MM/DD HH24:MI:SSXFF'),0,'868c76f6-79ff-495c-9386-4b4e4bc2ea60',120);
Insert into SCOTT.REFRESH_TOKEN (TOKEN_ID,CREATED_AT,UPDATED_AT,EXPIRY_DT,REFRESH_COUNT,TOKEN,USER_DEVICE_ID) values (141,to_timestamp('25/07/04 14:34:49.534000000','RR/MM/DD HH24:MI:SSXFF'),to_timestamp('25/07/04 14:34:49.534000000','RR/MM/DD HH24:MI:SSXFF'),to_timestamp('25/09/02 14:34:49.416000000','RR/MM/DD HH24:MI:SSXFF'),0,'303e356d-5801-435a-8c7b-b3587ad1259c',141);
Insert into SCOTT.REFRESH_TOKEN (TOKEN_ID,CREATED_AT,UPDATED_AT,EXPIRY_DT,REFRESH_COUNT,TOKEN,USER_DEVICE_ID) values (169,to_timestamp('25/07/07 12:35:01.441000000','RR/MM/DD HH24:MI:SSXFF'),to_timestamp('25/07/07 12:35:01.441000000','RR/MM/DD HH24:MI:SSXFF'),to_timestamp('25/09/05 12:35:01.401000000','RR/MM/DD HH24:MI:SSXFF'),0,'8e4828c6-7f53-44fb-8132-82384c5381be',169);
Insert into SCOTT.REFRESH_TOKEN (TOKEN_ID,CREATED_AT,UPDATED_AT,EXPIRY_DT,REFRESH_COUNT,TOKEN,USER_DEVICE_ID) values (181,to_timestamp('25/07/07 13:16:35.000000000','RR/MM/DD HH24:MI:SSXFF'),to_timestamp('25/07/07 13:16:35.000000000','RR/MM/DD HH24:MI:SSXFF'),to_timestamp('25/09/05 13:16:34.985000000','RR/MM/DD HH24:MI:SSXFF'),0,'205df4f6-fce4-4aba-817a-3125f4c2a026',181);
Insert into SCOTT.REFRESH_TOKEN (TOKEN_ID,CREATED_AT,UPDATED_AT,EXPIRY_DT,REFRESH_COUNT,TOKEN,USER_DEVICE_ID) values (219,to_timestamp('25/07/08 15:35:57.630000000','RR/MM/DD HH24:MI:SSXFF'),to_timestamp('25/07/08 15:35:57.630000000','RR/MM/DD HH24:MI:SSXFF'),to_timestamp('25/09/06 15:35:57.571000000','RR/MM/DD HH24:MI:SSXFF'),0,'8d4bd575-a3ad-40bb-8732-26402df2dde6',219);
Insert into SCOTT.REFRESH_TOKEN (TOKEN_ID,CREATED_AT,UPDATED_AT,EXPIRY_DT,REFRESH_COUNT,TOKEN,USER_DEVICE_ID) values (220,to_timestamp('25/07/08 15:36:23.734000000','RR/MM/DD HH24:MI:SSXFF'),to_timestamp('25/07/08 15:36:23.734000000','RR/MM/DD HH24:MI:SSXFF'),to_timestamp('25/09/06 15:36:23.732000000','RR/MM/DD HH24:MI:SSXFF'),0,'d3ec3762-0ac2-4e5c-8a01-f9bd9be85640',220);
Insert into SCOTT.REFRESH_TOKEN (TOKEN_ID,CREATED_AT,UPDATED_AT,EXPIRY_DT,REFRESH_COUNT,TOKEN,USER_DEVICE_ID) values (23,to_timestamp('25/06/23 14:36:41.316000000','RR/MM/DD HH24:MI:SSXFF'),to_timestamp('25/06/23 14:36:41.316000000','RR/MM/DD HH24:MI:SSXFF'),to_timestamp('25/08/22 14:36:41.315000000','RR/MM/DD HH24:MI:SSXFF'),0,'6b85a6ee-675d-4761-a683-d1314e44c60c',23);
Insert into SCOTT.REFRESH_TOKEN (TOKEN_ID,CREATED_AT,UPDATED_AT,EXPIRY_DT,REFRESH_COUNT,TOKEN,USER_DEVICE_ID) values (6,to_timestamp('25/06/17 12:28:17.831000000','RR/MM/DD HH24:MI:SSXFF'),to_timestamp('25/06/17 12:35:47.599000000','RR/MM/DD HH24:MI:SSXFF'),to_timestamp('25/08/16 12:28:17.829000000','RR/MM/DD HH24:MI:SSXFF'),3,'685842d7-2973-4ae2-a0bd-a23b25f06988',6);
Insert into SCOTT.REFRESH_TOKEN (TOKEN_ID,CREATED_AT,UPDATED_AT,EXPIRY_DT,REFRESH_COUNT,TOKEN,USER_DEVICE_ID) values (51,to_timestamp('25/06/24 17:14:48.109000000','RR/MM/DD HH24:MI:SSXFF'),to_timestamp('25/06/24 17:14:48.109000000','RR/MM/DD HH24:MI:SSXFF'),to_timestamp('25/08/23 17:14:48.109000000','RR/MM/DD HH24:MI:SSXFF'),0,'68c53de9-bdfb-4fe3-9c32-54531cdc382d',51);
Insert into SCOTT.REFRESH_TOKEN (TOKEN_ID,CREATED_AT,UPDATED_AT,EXPIRY_DT,REFRESH_COUNT,TOKEN,USER_DEVICE_ID) values (61,to_timestamp('25/06/25 13:36:41.632000000','RR/MM/DD HH24:MI:SSXFF'),to_timestamp('25/06/25 13:36:41.632000000','RR/MM/DD HH24:MI:SSXFF'),to_timestamp('25/08/24 13:36:41.599000000','RR/MM/DD HH24:MI:SSXFF'),0,'1699628e-50f8-4b9e-b13b-55082c54e905',61);
Insert into SCOTT.REFRESH_TOKEN (TOKEN_ID,CREATED_AT,UPDATED_AT,EXPIRY_DT,REFRESH_COUNT,TOKEN,USER_DEVICE_ID) values (66,to_timestamp('25/06/26 17:13:53.483000000','RR/MM/DD HH24:MI:SSXFF'),to_timestamp('25/06/26 17:13:53.483000000','RR/MM/DD HH24:MI:SSXFF'),to_timestamp('25/08/25 17:13:53.429000000','RR/MM/DD HH24:MI:SSXFF'),0,'60095be4-f704-492c-a388-31d2d46566e9',66);
Insert into SCOTT.REFRESH_TOKEN (TOKEN_ID,CREATED_AT,UPDATED_AT,EXPIRY_DT,REFRESH_COUNT,TOKEN,USER_DEVICE_ID) values (87,to_timestamp('25/07/01 09:37:23.698000000','RR/MM/DD HH24:MI:SSXFF'),to_timestamp('25/07/01 09:37:23.698000000','RR/MM/DD HH24:MI:SSXFF'),to_timestamp('25/08/30 09:37:23.670000000','RR/MM/DD HH24:MI:SSXFF'),0,'0846903b-968c-44bf-88d4-59ccdb43587d',87);
Insert into SCOTT.REFRESH_TOKEN (TOKEN_ID,CREATED_AT,UPDATED_AT,EXPIRY_DT,REFRESH_COUNT,TOKEN,USER_DEVICE_ID) values (75,to_timestamp('25/06/27 22:35:50.508000000','RR/MM/DD HH24:MI:SSXFF'),to_timestamp('25/06/27 22:35:50.508000000','RR/MM/DD HH24:MI:SSXFF'),to_timestamp('25/08/26 22:35:50.483000000','RR/MM/DD HH24:MI:SSXFF'),0,'e10cf575-d76e-466e-b10f-edeed00cdec8',75);
Insert into SCOTT.REFRESH_TOKEN (TOKEN_ID,CREATED_AT,UPDATED_AT,EXPIRY_DT,REFRESH_COUNT,TOKEN,USER_DEVICE_ID) values (80,to_timestamp('25/06/30 15:21:27.890000000','RR/MM/DD HH24:MI:SSXFF'),to_timestamp('25/06/30 15:21:27.890000000','RR/MM/DD HH24:MI:SSXFF'),to_timestamp('25/08/29 15:21:27.848000000','RR/MM/DD HH24:MI:SSXFF'),0,'88d00b7f-4a77-47a5-8383-79a63b799fa2',80);
Insert into SCOTT.REFRESH_TOKEN (TOKEN_ID,CREATED_AT,UPDATED_AT,EXPIRY_DT,REFRESH_COUNT,TOKEN,USER_DEVICE_ID) values (93,to_timestamp('25/07/01 16:33:19.738000000','RR/MM/DD HH24:MI:SSXFF'),to_timestamp('25/07/01 16:33:19.738000000','RR/MM/DD HH24:MI:SSXFF'),to_timestamp('25/08/30 16:33:19.718000000','RR/MM/DD HH24:MI:SSXFF'),0,'08e4b9ee-30ee-4750-9564-9c9007bdce26',93);
Insert into SCOTT.REFRESH_TOKEN (TOKEN_ID,CREATED_AT,UPDATED_AT,EXPIRY_DT,REFRESH_COUNT,TOKEN,USER_DEVICE_ID) values (94,to_timestamp('25/07/02 12:43:46.533000000','RR/MM/DD HH24:MI:SSXFF'),to_timestamp('25/07/02 12:43:46.533000000','RR/MM/DD HH24:MI:SSXFF'),to_timestamp('25/08/31 12:43:46.503000000','RR/MM/DD HH24:MI:SSXFF'),0,'ea835fa4-2ecd-47b8-a3ca-9526ab37227e',94);
Insert into SCOTT.REFRESH_TOKEN (TOKEN_ID,CREATED_AT,UPDATED_AT,EXPIRY_DT,REFRESH_COUNT,TOKEN,USER_DEVICE_ID) values (95,to_timestamp('25/07/02 14:43:10.004000000','RR/MM/DD HH24:MI:SSXFF'),to_timestamp('25/07/02 14:43:10.004000000','RR/MM/DD HH24:MI:SSXFF'),to_timestamp('25/08/31 14:43:09.960000000','RR/MM/DD HH24:MI:SSXFF'),0,'32da48d4-d3c0-4606-8b09-5d85c23aa976',95);
Insert into SCOTT.REFRESH_TOKEN (TOKEN_ID,CREATED_AT,UPDATED_AT,EXPIRY_DT,REFRESH_COUNT,TOKEN,USER_DEVICE_ID) values (96,to_timestamp('25/07/02 14:44:23.618000000','RR/MM/DD HH24:MI:SSXFF'),to_timestamp('25/07/02 14:44:23.618000000','RR/MM/DD HH24:MI:SSXFF'),to_timestamp('25/08/31 14:44:23.616000000','RR/MM/DD HH24:MI:SSXFF'),0,'cb41c5ab-cb38-4736-af13-dcf0f51cbf6f',96);
Insert into SCOTT.REFRESH_TOKEN (TOKEN_ID,CREATED_AT,UPDATED_AT,EXPIRY_DT,REFRESH_COUNT,TOKEN,USER_DEVICE_ID) values (115,to_timestamp('25/07/02 18:10:14.056000000','RR/MM/DD HH24:MI:SSXFF'),to_timestamp('25/07/02 18:10:14.056000000','RR/MM/DD HH24:MI:SSXFF'),to_timestamp('25/08/31 18:10:14.001000000','RR/MM/DD HH24:MI:SSXFF'),0,'74df2e7d-7c02-402e-86c0-823e028e7af9',115);
Insert into SCOTT.REFRESH_TOKEN (TOKEN_ID,CREATED_AT,UPDATED_AT,EXPIRY_DT,REFRESH_COUNT,TOKEN,USER_DEVICE_ID) values (132,to_timestamp('25/07/03 17:18:53.601000000','RR/MM/DD HH24:MI:SSXFF'),to_timestamp('25/07/03 17:18:53.601000000','RR/MM/DD HH24:MI:SSXFF'),to_timestamp('25/09/01 17:18:53.560000000','RR/MM/DD HH24:MI:SSXFF'),0,'a3c1380a-a0cf-4cee-a3ad-2c0c88e49e43',132);
Insert into SCOTT.REFRESH_TOKEN (TOKEN_ID,CREATED_AT,UPDATED_AT,EXPIRY_DT,REFRESH_COUNT,TOKEN,USER_DEVICE_ID) values (133,to_timestamp('25/07/03 17:19:46.084000000','RR/MM/DD HH24:MI:SSXFF'),to_timestamp('25/07/03 17:19:46.084000000','RR/MM/DD HH24:MI:SSXFF'),to_timestamp('25/09/01 17:19:46.083000000','RR/MM/DD HH24:MI:SSXFF'),0,'05cdc698-58c5-44b6-bc6d-8fd74a22b561',133);
Insert into SCOTT.REFRESH_TOKEN (TOKEN_ID,CREATED_AT,UPDATED_AT,EXPIRY_DT,REFRESH_COUNT,TOKEN,USER_DEVICE_ID) values (134,to_timestamp('25/07/03 17:26:07.205000000','RR/MM/DD HH24:MI:SSXFF'),to_timestamp('25/07/03 17:26:07.205000000','RR/MM/DD HH24:MI:SSXFF'),to_timestamp('25/09/01 17:26:07.203000000','RR/MM/DD HH24:MI:SSXFF'),0,'9792e570-0705-444d-87fe-540ef997eecd',134);
Insert into SCOTT.REFRESH_TOKEN (TOKEN_ID,CREATED_AT,UPDATED_AT,EXPIRY_DT,REFRESH_COUNT,TOKEN,USER_DEVICE_ID) values (135,to_timestamp('25/07/03 17:26:13.717000000','RR/MM/DD HH24:MI:SSXFF'),to_timestamp('25/07/03 17:26:13.717000000','RR/MM/DD HH24:MI:SSXFF'),to_timestamp('25/09/01 17:26:13.717000000','RR/MM/DD HH24:MI:SSXFF'),0,'6c8307d0-eabe-41cb-9f7b-69f1b89fca50',135);
Insert into SCOTT.REFRESH_TOKEN (TOKEN_ID,CREATED_AT,UPDATED_AT,EXPIRY_DT,REFRESH_COUNT,TOKEN,USER_DEVICE_ID) values (144,to_timestamp('25/07/04 16:34:48.899000000','RR/MM/DD HH24:MI:SSXFF'),to_timestamp('25/07/04 16:34:48.899000000','RR/MM/DD HH24:MI:SSXFF'),to_timestamp('25/09/02 16:34:48.861000000','RR/MM/DD HH24:MI:SSXFF'),0,'f82120e4-a8e4-4706-a9f4-e9bfa735f7e1',144);
Insert into SCOTT.REFRESH_TOKEN (TOKEN_ID,CREATED_AT,UPDATED_AT,EXPIRY_DT,REFRESH_COUNT,TOKEN,USER_DEVICE_ID) values (186,to_timestamp('25/07/07 13:38:30.039000000','RR/MM/DD HH24:MI:SSXFF'),to_timestamp('25/07/07 13:38:30.039000000','RR/MM/DD HH24:MI:SSXFF'),to_timestamp('25/09/05 13:38:30.037000000','RR/MM/DD HH24:MI:SSXFF'),0,'c0ef9467-01a2-4091-9f50-123de159375f',186);
Insert into SCOTT.REFRESH_TOKEN (TOKEN_ID,CREATED_AT,UPDATED_AT,EXPIRY_DT,REFRESH_COUNT,TOKEN,USER_DEVICE_ID) values (187,to_timestamp('25/07/07 13:46:30.602000000','RR/MM/DD HH24:MI:SSXFF'),to_timestamp('25/07/07 13:46:30.602000000','RR/MM/DD HH24:MI:SSXFF'),to_timestamp('25/09/05 13:46:30.601000000','RR/MM/DD HH24:MI:SSXFF'),0,'0ec4af52-5632-4766-9a65-b8f023d845a6',187);
Insert into SCOTT.REFRESH_TOKEN (TOKEN_ID,CREATED_AT,UPDATED_AT,EXPIRY_DT,REFRESH_COUNT,TOKEN,USER_DEVICE_ID) values (188,to_timestamp('25/07/07 13:47:07.964000000','RR/MM/DD HH24:MI:SSXFF'),to_timestamp('25/07/07 13:47:07.964000000','RR/MM/DD HH24:MI:SSXFF'),to_timestamp('25/09/05 13:47:07.964000000','RR/MM/DD HH24:MI:SSXFF'),0,'ea74895c-776b-47cc-8837-b0c4a9dc3531',188);
Insert into SCOTT.REFRESH_TOKEN (TOKEN_ID,CREATED_AT,UPDATED_AT,EXPIRY_DT,REFRESH_COUNT,TOKEN,USER_DEVICE_ID) values (189,to_timestamp('25/07/07 13:48:55.661000000','RR/MM/DD HH24:MI:SSXFF'),to_timestamp('25/07/07 13:48:55.661000000','RR/MM/DD HH24:MI:SSXFF'),to_timestamp('25/09/05 13:48:55.660000000','RR/MM/DD HH24:MI:SSXFF'),0,'186ae83e-3d44-4a24-bcb7-d897c973fbbc',189);
Insert into SCOTT.REFRESH_TOKEN (TOKEN_ID,CREATED_AT,UPDATED_AT,EXPIRY_DT,REFRESH_COUNT,TOKEN,USER_DEVICE_ID) values (190,to_timestamp('25/07/07 13:49:57.410000000','RR/MM/DD HH24:MI:SSXFF'),to_timestamp('25/07/07 13:49:57.410000000','RR/MM/DD HH24:MI:SSXFF'),to_timestamp('25/09/05 13:49:57.410000000','RR/MM/DD HH24:MI:SSXFF'),0,'af82361a-bd35-4fc2-80d2-9d5868aea749',190);
Insert into SCOTT.REFRESH_TOKEN (TOKEN_ID,CREATED_AT,UPDATED_AT,EXPIRY_DT,REFRESH_COUNT,TOKEN,USER_DEVICE_ID) values (191,to_timestamp('25/07/07 13:54:32.038000000','RR/MM/DD HH24:MI:SSXFF'),to_timestamp('25/07/07 13:54:32.038000000','RR/MM/DD HH24:MI:SSXFF'),to_timestamp('25/09/05 13:54:32.038000000','RR/MM/DD HH24:MI:SSXFF'),0,'ab349da2-8459-47b3-8489-83b33f61279e',191);
Insert into SCOTT.REFRESH_TOKEN (TOKEN_ID,CREATED_AT,UPDATED_AT,EXPIRY_DT,REFRESH_COUNT,TOKEN,USER_DEVICE_ID) values (233,to_timestamp('25/07/08 17:44:41.412000000','RR/MM/DD HH24:MI:SSXFF'),to_timestamp('25/07/08 17:44:41.412000000','RR/MM/DD HH24:MI:SSXFF'),to_timestamp('25/09/06 17:44:41.395000000','RR/MM/DD HH24:MI:SSXFF'),0,'071dbcdf-cb21-4d5a-9fc3-78e674cc69bb',233);
Insert into SCOTT.REFRESH_TOKEN (TOKEN_ID,CREATED_AT,UPDATED_AT,EXPIRY_DT,REFRESH_COUNT,TOKEN,USER_DEVICE_ID) values (234,to_timestamp('25/07/09 09:44:44.941000000','RR/MM/DD HH24:MI:SSXFF'),to_timestamp('25/07/09 09:44:44.941000000','RR/MM/DD HH24:MI:SSXFF'),to_timestamp('25/09/07 09:44:44.924000000','RR/MM/DD HH24:MI:SSXFF'),0,'72ca8354-db77-43e3-a21a-2f5ef8ddc35e',234);
Insert into SCOTT.REFRESH_TOKEN (TOKEN_ID,CREATED_AT,UPDATED_AT,EXPIRY_DT,REFRESH_COUNT,TOKEN,USER_DEVICE_ID) values (21,to_timestamp('25/06/23 14:08:11.515000000','RR/MM/DD HH24:MI:SSXFF'),to_timestamp('25/06/23 14:08:11.515000000','RR/MM/DD HH24:MI:SSXFF'),to_timestamp('25/08/22 14:08:11.453000000','RR/MM/DD HH24:MI:SSXFF'),0,'1fc62db2-3d30-4497-b824-e9d629ea61ec',21);
Insert into SCOTT.REFRESH_TOKEN (TOKEN_ID,CREATED_AT,UPDATED_AT,EXPIRY_DT,REFRESH_COUNT,TOKEN,USER_DEVICE_ID) values (22,to_timestamp('25/06/23 14:36:23.695000000','RR/MM/DD HH24:MI:SSXFF'),to_timestamp('25/06/23 14:36:23.695000000','RR/MM/DD HH24:MI:SSXFF'),to_timestamp('25/08/22 14:36:23.694000000','RR/MM/DD HH24:MI:SSXFF'),0,'1fc8ae93-0496-4518-9649-cd7cf93e14fa',22);
Insert into SCOTT.REFRESH_TOKEN (TOKEN_ID,CREATED_AT,UPDATED_AT,EXPIRY_DT,REFRESH_COUNT,TOKEN,USER_DEVICE_ID) values (24,to_timestamp('25/06/23 15:08:13.232000000','RR/MM/DD HH24:MI:SSXFF'),to_timestamp('25/06/23 15:08:13.232000000','RR/MM/DD HH24:MI:SSXFF'),to_timestamp('25/08/22 15:08:13.232000000','RR/MM/DD HH24:MI:SSXFF'),0,'e81674bf-462f-4951-aebf-e68ac85248db',24);
Insert into SCOTT.REFRESH_TOKEN (TOKEN_ID,CREATED_AT,UPDATED_AT,EXPIRY_DT,REFRESH_COUNT,TOKEN,USER_DEVICE_ID) values (25,to_timestamp('25/06/23 15:11:59.341000000','RR/MM/DD HH24:MI:SSXFF'),to_timestamp('25/06/23 15:11:59.341000000','RR/MM/DD HH24:MI:SSXFF'),to_timestamp('25/08/22 15:11:59.340000000','RR/MM/DD HH24:MI:SSXFF'),0,'fd859d57-9f5d-497d-860a-6476ca2f048e',25);
Insert into SCOTT.REFRESH_TOKEN (TOKEN_ID,CREATED_AT,UPDATED_AT,EXPIRY_DT,REFRESH_COUNT,TOKEN,USER_DEVICE_ID) values (26,to_timestamp('25/06/23 15:17:51.422000000','RR/MM/DD HH24:MI:SSXFF'),to_timestamp('25/06/23 15:17:51.422000000','RR/MM/DD HH24:MI:SSXFF'),to_timestamp('25/08/22 15:17:51.421000000','RR/MM/DD HH24:MI:SSXFF'),0,'f2d1c128-91ba-4a66-a3e8-42db1e713d8e',26);
Insert into SCOTT.REFRESH_TOKEN (TOKEN_ID,CREATED_AT,UPDATED_AT,EXPIRY_DT,REFRESH_COUNT,TOKEN,USER_DEVICE_ID) values (27,to_timestamp('25/06/23 15:22:42.012000000','RR/MM/DD HH24:MI:SSXFF'),to_timestamp('25/06/23 15:22:42.012000000','RR/MM/DD HH24:MI:SSXFF'),to_timestamp('25/08/22 15:22:42.012000000','RR/MM/DD HH24:MI:SSXFF'),0,'790f2cca-07c8-4f7e-be2f-9fcab640fe3f',27);
Insert into SCOTT.REFRESH_TOKEN (TOKEN_ID,CREATED_AT,UPDATED_AT,EXPIRY_DT,REFRESH_COUNT,TOKEN,USER_DEVICE_ID) values (28,to_timestamp('25/06/23 16:01:12.475000000','RR/MM/DD HH24:MI:SSXFF'),to_timestamp('25/06/23 16:01:12.475000000','RR/MM/DD HH24:MI:SSXFF'),to_timestamp('25/08/22 16:01:12.474000000','RR/MM/DD HH24:MI:SSXFF'),0,'ec755e9c-aea1-4e54-a7be-b9d8ad35da2f',28);
Insert into SCOTT.REFRESH_TOKEN (TOKEN_ID,CREATED_AT,UPDATED_AT,EXPIRY_DT,REFRESH_COUNT,TOKEN,USER_DEVICE_ID) values (29,to_timestamp('25/06/23 16:12:55.127000000','RR/MM/DD HH24:MI:SSXFF'),to_timestamp('25/06/23 16:12:55.127000000','RR/MM/DD HH24:MI:SSXFF'),to_timestamp('25/08/22 16:12:55.127000000','RR/MM/DD HH24:MI:SSXFF'),0,'00ce8a3a-2475-4d58-a94c-9352fd4c8fc8',29);
Insert into SCOTT.REFRESH_TOKEN (TOKEN_ID,CREATED_AT,UPDATED_AT,EXPIRY_DT,REFRESH_COUNT,TOKEN,USER_DEVICE_ID) values (30,to_timestamp('25/06/23 16:13:22.458000000','RR/MM/DD HH24:MI:SSXFF'),to_timestamp('25/06/23 16:13:22.458000000','RR/MM/DD HH24:MI:SSXFF'),to_timestamp('25/08/22 16:13:22.458000000','RR/MM/DD HH24:MI:SSXFF'),0,'7fea8c76-3633-45f0-b80d-e6016b4e4d0f',30);
Insert into SCOTT.REFRESH_TOKEN (TOKEN_ID,CREATED_AT,UPDATED_AT,EXPIRY_DT,REFRESH_COUNT,TOKEN,USER_DEVICE_ID) values (31,to_timestamp('25/06/23 16:16:56.352000000','RR/MM/DD HH24:MI:SSXFF'),to_timestamp('25/06/23 16:16:56.352000000','RR/MM/DD HH24:MI:SSXFF'),to_timestamp('25/08/22 16:16:56.352000000','RR/MM/DD HH24:MI:SSXFF'),0,'db5098d1-467c-4f07-9393-503ded7184cb',31);
Insert into SCOTT.REFRESH_TOKEN (TOKEN_ID,CREATED_AT,UPDATED_AT,EXPIRY_DT,REFRESH_COUNT,TOKEN,USER_DEVICE_ID) values (32,to_timestamp('25/06/23 16:17:14.836000000','RR/MM/DD HH24:MI:SSXFF'),to_timestamp('25/06/23 16:17:14.836000000','RR/MM/DD HH24:MI:SSXFF'),to_timestamp('25/08/22 16:17:14.836000000','RR/MM/DD HH24:MI:SSXFF'),0,'348b1125-c3ad-41e1-9f16-13aaa6ac9954',32);
Insert into SCOTT.REFRESH_TOKEN (TOKEN_ID,CREATED_AT,UPDATED_AT,EXPIRY_DT,REFRESH_COUNT,TOKEN,USER_DEVICE_ID) values (33,to_timestamp('25/06/23 16:17:31.550000000','RR/MM/DD HH24:MI:SSXFF'),to_timestamp('25/06/23 16:17:31.550000000','RR/MM/DD HH24:MI:SSXFF'),to_timestamp('25/08/22 16:17:31.550000000','RR/MM/DD HH24:MI:SSXFF'),0,'0566a98b-1146-4f38-83c0-d698e3d1579b',33);
Insert into SCOTT.REFRESH_TOKEN (TOKEN_ID,CREATED_AT,UPDATED_AT,EXPIRY_DT,REFRESH_COUNT,TOKEN,USER_DEVICE_ID) values (34,to_timestamp('25/06/23 16:18:02.777000000','RR/MM/DD HH24:MI:SSXFF'),to_timestamp('25/06/23 16:18:02.777000000','RR/MM/DD HH24:MI:SSXFF'),to_timestamp('25/08/22 16:18:02.777000000','RR/MM/DD HH24:MI:SSXFF'),0,'c6af9279-9a77-4ab8-a2ec-3df95077f167',34);
Insert into SCOTT.REFRESH_TOKEN (TOKEN_ID,CREATED_AT,UPDATED_AT,EXPIRY_DT,REFRESH_COUNT,TOKEN,USER_DEVICE_ID) values (35,to_timestamp('25/06/23 16:18:47.244000000','RR/MM/DD HH24:MI:SSXFF'),to_timestamp('25/06/23 16:18:47.244000000','RR/MM/DD HH24:MI:SSXFF'),to_timestamp('25/08/22 16:18:47.243000000','RR/MM/DD HH24:MI:SSXFF'),0,'0d4839dc-c3df-4dec-8fcb-6ca2a2e924ea',35);
Insert into SCOTT.REFRESH_TOKEN (TOKEN_ID,CREATED_AT,UPDATED_AT,EXPIRY_DT,REFRESH_COUNT,TOKEN,USER_DEVICE_ID) values (36,to_timestamp('25/06/23 16:19:45.869000000','RR/MM/DD HH24:MI:SSXFF'),to_timestamp('25/06/23 16:19:45.869000000','RR/MM/DD HH24:MI:SSXFF'),to_timestamp('25/08/22 16:19:45.869000000','RR/MM/DD HH24:MI:SSXFF'),0,'cfcf1a8a-d50b-4630-9d5a-208dee865623',36);
Insert into SCOTT.REFRESH_TOKEN (TOKEN_ID,CREATED_AT,UPDATED_AT,EXPIRY_DT,REFRESH_COUNT,TOKEN,USER_DEVICE_ID) values (37,to_timestamp('25/06/24 15:17:45.799000000','RR/MM/DD HH24:MI:SSXFF'),to_timestamp('25/06/24 15:17:45.799000000','RR/MM/DD HH24:MI:SSXFF'),to_timestamp('25/08/23 15:17:45.737000000','RR/MM/DD HH24:MI:SSXFF'),0,'cd122f3f-35da-4925-8e45-7a855d4b231a',37);
Insert into SCOTT.REFRESH_TOKEN (TOKEN_ID,CREATED_AT,UPDATED_AT,EXPIRY_DT,REFRESH_COUNT,TOKEN,USER_DEVICE_ID) values (38,to_timestamp('25/06/24 15:18:04.729000000','RR/MM/DD HH24:MI:SSXFF'),to_timestamp('25/06/24 15:18:04.729000000','RR/MM/DD HH24:MI:SSXFF'),to_timestamp('25/08/23 15:18:04.729000000','RR/MM/DD HH24:MI:SSXFF'),0,'b0f3aec4-b921-4823-9476-b3e9b3c06aa8',38);
Insert into SCOTT.REFRESH_TOKEN (TOKEN_ID,CREATED_AT,UPDATED_AT,EXPIRY_DT,REFRESH_COUNT,TOKEN,USER_DEVICE_ID) values (39,to_timestamp('25/06/24 15:24:44.372000000','RR/MM/DD HH24:MI:SSXFF'),to_timestamp('25/06/24 15:24:44.372000000','RR/MM/DD HH24:MI:SSXFF'),to_timestamp('25/08/23 15:24:44.372000000','RR/MM/DD HH24:MI:SSXFF'),0,'fb36c634-ba81-45f5-b352-a32e1681ffe2',39);
Insert into SCOTT.REFRESH_TOKEN (TOKEN_ID,CREATED_AT,UPDATED_AT,EXPIRY_DT,REFRESH_COUNT,TOKEN,USER_DEVICE_ID) values (40,to_timestamp('25/06/24 15:40:40.149000000','RR/MM/DD HH24:MI:SSXFF'),to_timestamp('25/06/24 15:40:40.149000000','RR/MM/DD HH24:MI:SSXFF'),to_timestamp('25/08/23 15:40:40.148000000','RR/MM/DD HH24:MI:SSXFF'),0,'cb24a0ef-6b39-4189-9a53-348d16308c4a',40);
Insert into SCOTT.REFRESH_TOKEN (TOKEN_ID,CREATED_AT,UPDATED_AT,EXPIRY_DT,REFRESH_COUNT,TOKEN,USER_DEVICE_ID) values (41,to_timestamp('25/06/24 15:42:24.777000000','RR/MM/DD HH24:MI:SSXFF'),to_timestamp('25/06/24 15:42:24.777000000','RR/MM/DD HH24:MI:SSXFF'),to_timestamp('25/08/23 15:42:24.776000000','RR/MM/DD HH24:MI:SSXFF'),0,'39703798-f14d-40e8-9cbc-282a73f62591',41);
Insert into SCOTT.REFRESH_TOKEN (TOKEN_ID,CREATED_AT,UPDATED_AT,EXPIRY_DT,REFRESH_COUNT,TOKEN,USER_DEVICE_ID) values (42,to_timestamp('25/06/24 15:43:30.432000000','RR/MM/DD HH24:MI:SSXFF'),to_timestamp('25/06/24 15:43:30.432000000','RR/MM/DD HH24:MI:SSXFF'),to_timestamp('25/08/23 15:43:30.431000000','RR/MM/DD HH24:MI:SSXFF'),0,'0a6527a2-7415-488b-885c-4085dd821c8c',42);
Insert into SCOTT.REFRESH_TOKEN (TOKEN_ID,CREATED_AT,UPDATED_AT,EXPIRY_DT,REFRESH_COUNT,TOKEN,USER_DEVICE_ID) values (43,to_timestamp('25/06/24 15:45:09.798000000','RR/MM/DD HH24:MI:SSXFF'),to_timestamp('25/06/24 15:45:09.798000000','RR/MM/DD HH24:MI:SSXFF'),to_timestamp('25/08/23 15:45:09.798000000','RR/MM/DD HH24:MI:SSXFF'),0,'d9f5bcf7-0a4d-4b3b-baec-6025973e7ea7',43);
Insert into SCOTT.REFRESH_TOKEN (TOKEN_ID,CREATED_AT,UPDATED_AT,EXPIRY_DT,REFRESH_COUNT,TOKEN,USER_DEVICE_ID) values (49,to_timestamp('25/06/24 16:35:35.291000000','RR/MM/DD HH24:MI:SSXFF'),to_timestamp('25/06/24 16:35:35.291000000','RR/MM/DD HH24:MI:SSXFF'),to_timestamp('25/08/23 16:35:35.241000000','RR/MM/DD HH24:MI:SSXFF'),0,'eab055fe-842d-4f1c-b28b-cd7a7626b780',49);
Insert into SCOTT.REFRESH_TOKEN (TOKEN_ID,CREATED_AT,UPDATED_AT,EXPIRY_DT,REFRESH_COUNT,TOKEN,USER_DEVICE_ID) values (58,to_timestamp('25/06/25 12:39:53.666000000','RR/MM/DD HH24:MI:SSXFF'),to_timestamp('25/06/25 12:39:53.666000000','RR/MM/DD HH24:MI:SSXFF'),to_timestamp('25/08/24 12:39:53.645000000','RR/MM/DD HH24:MI:SSXFF'),0,'5a192ab1-28da-48a3-a4d9-e17e1fbda61a',58);
Insert into SCOTT.REFRESH_TOKEN (TOKEN_ID,CREATED_AT,UPDATED_AT,EXPIRY_DT,REFRESH_COUNT,TOKEN,USER_DEVICE_ID) values (59,to_timestamp('25/06/25 12:43:15.548000000','RR/MM/DD HH24:MI:SSXFF'),to_timestamp('25/06/25 12:43:15.548000000','RR/MM/DD HH24:MI:SSXFF'),to_timestamp('25/08/24 12:43:15.547000000','RR/MM/DD HH24:MI:SSXFF'),0,'cb22b567-03b3-4bf6-8ccc-a690456c44b2',59);
Insert into SCOTT.REFRESH_TOKEN (TOKEN_ID,CREATED_AT,UPDATED_AT,EXPIRY_DT,REFRESH_COUNT,TOKEN,USER_DEVICE_ID) values (62,to_timestamp('25/06/25 13:36:41.632000000','RR/MM/DD HH24:MI:SSXFF'),to_timestamp('25/06/25 13:36:41.632000000','RR/MM/DD HH24:MI:SSXFF'),to_timestamp('25/08/24 13:36:41.599000000','RR/MM/DD HH24:MI:SSXFF'),0,'abe89305-9f7d-48a7-a2ff-897c6b5d030a',62);
Insert into SCOTT.REFRESH_TOKEN (TOKEN_ID,CREATED_AT,UPDATED_AT,EXPIRY_DT,REFRESH_COUNT,TOKEN,USER_DEVICE_ID) values (63,to_timestamp('25/06/25 15:02:02.715000000','RR/MM/DD HH24:MI:SSXFF'),to_timestamp('25/06/25 15:02:02.715000000','RR/MM/DD HH24:MI:SSXFF'),to_timestamp('25/08/24 15:02:02.714000000','RR/MM/DD HH24:MI:SSXFF'),0,'498433b8-df37-4466-a013-6de3b252e8a8',63);
Insert into SCOTT.REFRESH_TOKEN (TOKEN_ID,CREATED_AT,UPDATED_AT,EXPIRY_DT,REFRESH_COUNT,TOKEN,USER_DEVICE_ID) values (68,to_timestamp('25/06/26 17:24:59.417000000','RR/MM/DD HH24:MI:SSXFF'),to_timestamp('25/06/26 17:24:59.417000000','RR/MM/DD HH24:MI:SSXFF'),to_timestamp('25/08/25 17:24:59.417000000','RR/MM/DD HH24:MI:SSXFF'),0,'7f9a4639-1dd1-4ba3-97fb-db618b4f4e79',68);
Insert into SCOTT.REFRESH_TOKEN (TOKEN_ID,CREATED_AT,UPDATED_AT,EXPIRY_DT,REFRESH_COUNT,TOKEN,USER_DEVICE_ID) values (70,to_timestamp('25/06/26 17:40:27.891000000','RR/MM/DD HH24:MI:SSXFF'),to_timestamp('25/06/26 17:40:27.891000000','RR/MM/DD HH24:MI:SSXFF'),to_timestamp('25/08/25 17:40:27.890000000','RR/MM/DD HH24:MI:SSXFF'),0,'8c97cc24-34b1-47f3-a3b9-c243ee18014a',70);
Insert into SCOTT.REFRESH_TOKEN (TOKEN_ID,CREATED_AT,UPDATED_AT,EXPIRY_DT,REFRESH_COUNT,TOKEN,USER_DEVICE_ID) values (73,to_timestamp('25/06/27 14:55:58.019000000','RR/MM/DD HH24:MI:SSXFF'),to_timestamp('25/06/27 14:55:58.019000000','RR/MM/DD HH24:MI:SSXFF'),to_timestamp('25/08/26 14:55:57.983000000','RR/MM/DD HH24:MI:SSXFF'),0,'391a5350-7225-4e0d-8baa-df8d37b64467',73);
Insert into SCOTT.REFRESH_TOKEN (TOKEN_ID,CREATED_AT,UPDATED_AT,EXPIRY_DT,REFRESH_COUNT,TOKEN,USER_DEVICE_ID) values (82,to_timestamp('25/06/30 15:51:22.356000000','RR/MM/DD HH24:MI:SSXFF'),to_timestamp('25/06/30 15:51:22.356000000','RR/MM/DD HH24:MI:SSXFF'),to_timestamp('25/08/29 15:51:22.354000000','RR/MM/DD HH24:MI:SSXFF'),0,'3f87b399-2470-4d6a-84f5-b1b58a76fbb0',82);
Insert into SCOTT.REFRESH_TOKEN (TOKEN_ID,CREATED_AT,UPDATED_AT,EXPIRY_DT,REFRESH_COUNT,TOKEN,USER_DEVICE_ID) values (83,to_timestamp('25/06/30 16:25:43.979000000','RR/MM/DD HH24:MI:SSXFF'),to_timestamp('25/06/30 16:25:43.979000000','RR/MM/DD HH24:MI:SSXFF'),to_timestamp('25/08/29 16:25:43.979000000','RR/MM/DD HH24:MI:SSXFF'),0,'766a791a-1b40-4ce4-ac0c-df5244e3fa26',83);
Insert into SCOTT.REFRESH_TOKEN (TOKEN_ID,CREATED_AT,UPDATED_AT,EXPIRY_DT,REFRESH_COUNT,TOKEN,USER_DEVICE_ID) values (84,to_timestamp('25/06/30 16:26:43.606000000','RR/MM/DD HH24:MI:SSXFF'),to_timestamp('25/06/30 16:26:43.606000000','RR/MM/DD HH24:MI:SSXFF'),to_timestamp('25/08/29 16:26:43.606000000','RR/MM/DD HH24:MI:SSXFF'),0,'52f9df0e-b18e-45d0-aba2-ca44ad307a3d',84);
Insert into SCOTT.REFRESH_TOKEN (TOKEN_ID,CREATED_AT,UPDATED_AT,EXPIRY_DT,REFRESH_COUNT,TOKEN,USER_DEVICE_ID) values (85,to_timestamp('25/06/30 16:27:29.528000000','RR/MM/DD HH24:MI:SSXFF'),to_timestamp('25/06/30 16:27:29.528000000','RR/MM/DD HH24:MI:SSXFF'),to_timestamp('25/08/29 16:27:29.528000000','RR/MM/DD HH24:MI:SSXFF'),0,'35d80d1f-e3d6-41a8-a8db-e949fc50347b',85);
Insert into SCOTT.REFRESH_TOKEN (TOKEN_ID,CREATED_AT,UPDATED_AT,EXPIRY_DT,REFRESH_COUNT,TOKEN,USER_DEVICE_ID) values (86,to_timestamp('25/07/01 09:26:13.844000000','RR/MM/DD HH24:MI:SSXFF'),to_timestamp('25/07/01 09:26:13.844000000','RR/MM/DD HH24:MI:SSXFF'),to_timestamp('25/08/30 09:26:13.776000000','RR/MM/DD HH24:MI:SSXFF'),0,'97b1dd87-50d7-4b7d-abb2-fae85df2e919',86);
Insert into SCOTT.REFRESH_TOKEN (TOKEN_ID,CREATED_AT,UPDATED_AT,EXPIRY_DT,REFRESH_COUNT,TOKEN,USER_DEVICE_ID) values (109,to_timestamp('25/07/02 17:02:21.863000000','RR/MM/DD HH24:MI:SSXFF'),to_timestamp('25/07/02 17:02:21.863000000','RR/MM/DD HH24:MI:SSXFF'),to_timestamp('25/08/31 17:02:21.858000000','RR/MM/DD HH24:MI:SSXFF'),0,'4abef273-fabc-4b86-a59a-03c5ee834863',109);
Insert into SCOTT.REFRESH_TOKEN (TOKEN_ID,CREATED_AT,UPDATED_AT,EXPIRY_DT,REFRESH_COUNT,TOKEN,USER_DEVICE_ID) values (110,to_timestamp('25/07/02 17:02:46.047000000','RR/MM/DD HH24:MI:SSXFF'),to_timestamp('25/07/02 17:02:46.047000000','RR/MM/DD HH24:MI:SSXFF'),to_timestamp('25/08/31 17:02:46.047000000','RR/MM/DD HH24:MI:SSXFF'),0,'055120c5-b5d5-4978-a2db-c7804c38e02d',110);
Insert into SCOTT.REFRESH_TOKEN (TOKEN_ID,CREATED_AT,UPDATED_AT,EXPIRY_DT,REFRESH_COUNT,TOKEN,USER_DEVICE_ID) values (119,to_timestamp('25/07/03 14:46:22.440000000','RR/MM/DD HH24:MI:SSXFF'),to_timestamp('25/07/03 14:46:22.440000000','RR/MM/DD HH24:MI:SSXFF'),to_timestamp('25/09/01 14:46:22.414000000','RR/MM/DD HH24:MI:SSXFF'),0,'6cc43614-afa3-4bf4-97ac-805272c447fe',119);
Insert into SCOTT.REFRESH_TOKEN (TOKEN_ID,CREATED_AT,UPDATED_AT,EXPIRY_DT,REFRESH_COUNT,TOKEN,USER_DEVICE_ID) values (121,to_timestamp('25/07/03 15:16:04.526000000','RR/MM/DD HH24:MI:SSXFF'),to_timestamp('25/07/03 15:16:04.526000000','RR/MM/DD HH24:MI:SSXFF'),to_timestamp('25/09/01 15:16:04.503000000','RR/MM/DD HH24:MI:SSXFF'),0,'a97ae9ef-25f5-4b33-8ddb-d47ebcc5fcc6',121);
Insert into SCOTT.REFRESH_TOKEN (TOKEN_ID,CREATED_AT,UPDATED_AT,EXPIRY_DT,REFRESH_COUNT,TOKEN,USER_DEVICE_ID) values (131,to_timestamp('25/07/03 17:10:08.132000000','RR/MM/DD HH24:MI:SSXFF'),to_timestamp('25/07/03 17:10:08.132000000','RR/MM/DD HH24:MI:SSXFF'),to_timestamp('25/09/01 17:10:08.094000000','RR/MM/DD HH24:MI:SSXFF'),0,'e11d4c44-efde-46bb-8c63-50fee808c77f',131);
Insert into SCOTT.REFRESH_TOKEN (TOKEN_ID,CREATED_AT,UPDATED_AT,EXPIRY_DT,REFRESH_COUNT,TOKEN,USER_DEVICE_ID) values (162,to_timestamp('25/07/07 11:46:27.757000000','RR/MM/DD HH24:MI:SSXFF'),to_timestamp('25/07/07 11:46:27.757000000','RR/MM/DD HH24:MI:SSXFF'),to_timestamp('25/09/05 11:46:27.725000000','RR/MM/DD HH24:MI:SSXFF'),0,'9c3ed65f-8b15-4395-b089-f137abf8a501',162);
Insert into SCOTT.REFRESH_TOKEN (TOKEN_ID,CREATED_AT,UPDATED_AT,EXPIRY_DT,REFRESH_COUNT,TOKEN,USER_DEVICE_ID) values (216,to_timestamp('25/07/08 13:32:41.065000000','RR/MM/DD HH24:MI:SSXFF'),to_timestamp('25/07/08 13:32:41.065000000','RR/MM/DD HH24:MI:SSXFF'),to_timestamp('25/09/06 13:32:41.064000000','RR/MM/DD HH24:MI:SSXFF'),0,'19190496-2ad2-448d-8348-93d8f2254893',216);
Insert into SCOTT.REFRESH_TOKEN (TOKEN_ID,CREATED_AT,UPDATED_AT,EXPIRY_DT,REFRESH_COUNT,TOKEN,USER_DEVICE_ID) values (217,to_timestamp('25/07/08 13:32:54.560000000','RR/MM/DD HH24:MI:SSXFF'),to_timestamp('25/07/08 13:32:54.560000000','RR/MM/DD HH24:MI:SSXFF'),to_timestamp('25/09/06 13:32:54.559000000','RR/MM/DD HH24:MI:SSXFF'),0,'3bf7c398-c37b-4b1d-8a0b-fe260af30b23',217);
Insert into SCOTT.REFRESH_TOKEN (TOKEN_ID,CREATED_AT,UPDATED_AT,EXPIRY_DT,REFRESH_COUNT,TOKEN,USER_DEVICE_ID) values (235,to_timestamp('25/07/09 10:46:36.489000000','RR/MM/DD HH24:MI:SSXFF'),to_timestamp('25/07/09 10:46:36.489000000','RR/MM/DD HH24:MI:SSXFF'),to_timestamp('25/09/07 10:46:36.477000000','RR/MM/DD HH24:MI:SSXFF'),0,'a0870435-fd3d-429e-a892-957d851c4051',235);
Insert into SCOTT.REFRESH_TOKEN (TOKEN_ID,CREATED_AT,UPDATED_AT,EXPIRY_DT,REFRESH_COUNT,TOKEN,USER_DEVICE_ID) values (236,to_timestamp('25/07/09 10:46:47.888000000','RR/MM/DD HH24:MI:SSXFF'),to_timestamp('25/07/09 10:46:47.888000000','RR/MM/DD HH24:MI:SSXFF'),to_timestamp('25/09/07 10:46:47.888000000','RR/MM/DD HH24:MI:SSXFF'),0,'16f71655-2982-4b9b-b976-a6760afcc64e',236);
Insert into SCOTT.REFRESH_TOKEN (TOKEN_ID,CREATED_AT,UPDATED_AT,EXPIRY_DT,REFRESH_COUNT,TOKEN,USER_DEVICE_ID) values (237,to_timestamp('25/07/09 10:46:53.749000000','RR/MM/DD HH24:MI:SSXFF'),to_timestamp('25/07/09 10:46:53.749000000','RR/MM/DD HH24:MI:SSXFF'),to_timestamp('25/09/07 10:46:53.749000000','RR/MM/DD HH24:MI:SSXFF'),0,'61a4e79d-30a8-480a-b1bc-d9e4130792bc',237);
Insert into SCOTT.REFRESH_TOKEN (TOKEN_ID,CREATED_AT,UPDATED_AT,EXPIRY_DT,REFRESH_COUNT,TOKEN,USER_DEVICE_ID) values (242,to_timestamp('25/07/09 11:59:21.568000000','RR/MM/DD HH24:MI:SSXFF'),to_timestamp('25/07/09 11:59:21.568000000','RR/MM/DD HH24:MI:SSXFF'),to_timestamp('25/09/07 11:59:21.550000000','RR/MM/DD HH24:MI:SSXFF'),0,'b87ca8e6-0add-44da-abf9-84c7d26207a9',242);
Insert into SCOTT.REFRESH_TOKEN (TOKEN_ID,CREATED_AT,UPDATED_AT,EXPIRY_DT,REFRESH_COUNT,TOKEN,USER_DEVICE_ID) values (243,to_timestamp('25/07/09 11:59:32.603000000','RR/MM/DD HH24:MI:SSXFF'),to_timestamp('25/07/09 11:59:32.603000000','RR/MM/DD HH24:MI:SSXFF'),to_timestamp('25/09/07 11:59:32.602000000','RR/MM/DD HH24:MI:SSXFF'),0,'81b2c579-922a-4097-b4b8-8e13bc6317d0',243);
Insert into SCOTT.REFRESH_TOKEN (TOKEN_ID,CREATED_AT,UPDATED_AT,EXPIRY_DT,REFRESH_COUNT,TOKEN,USER_DEVICE_ID) values (44,to_timestamp('25/06/24 15:47:29.896000000','RR/MM/DD HH24:MI:SSXFF'),to_timestamp('25/06/24 15:47:29.896000000','RR/MM/DD HH24:MI:SSXFF'),to_timestamp('25/08/23 15:47:29.895000000','RR/MM/DD HH24:MI:SSXFF'),0,'450ef500-778c-4c3e-9556-dc659ff5ded0',44);
Insert into SCOTT.REFRESH_TOKEN (TOKEN_ID,CREATED_AT,UPDATED_AT,EXPIRY_DT,REFRESH_COUNT,TOKEN,USER_DEVICE_ID) values (45,to_timestamp('25/06/24 15:48:19.349000000','RR/MM/DD HH24:MI:SSXFF'),to_timestamp('25/06/24 15:48:19.349000000','RR/MM/DD HH24:MI:SSXFF'),to_timestamp('25/08/23 15:48:19.347000000','RR/MM/DD HH24:MI:SSXFF'),0,'7b70f9d2-7e03-4c44-a970-08f8fb1d97a9',45);
Insert into SCOTT.REFRESH_TOKEN (TOKEN_ID,CREATED_AT,UPDATED_AT,EXPIRY_DT,REFRESH_COUNT,TOKEN,USER_DEVICE_ID) values (46,to_timestamp('25/06/24 16:16:23.567000000','RR/MM/DD HH24:MI:SSXFF'),to_timestamp('25/06/24 16:16:23.567000000','RR/MM/DD HH24:MI:SSXFF'),to_timestamp('25/08/23 16:16:23.566000000','RR/MM/DD HH24:MI:SSXFF'),0,'11acd630-c934-4d36-a155-2b3738bf75fe',46);
Insert into SCOTT.REFRESH_TOKEN (TOKEN_ID,CREATED_AT,UPDATED_AT,EXPIRY_DT,REFRESH_COUNT,TOKEN,USER_DEVICE_ID) values (47,to_timestamp('25/06/24 16:18:00.696000000','RR/MM/DD HH24:MI:SSXFF'),to_timestamp('25/06/24 16:18:00.696000000','RR/MM/DD HH24:MI:SSXFF'),to_timestamp('25/08/23 16:18:00.695000000','RR/MM/DD HH24:MI:SSXFF'),0,'25b02788-eea5-43e7-95ca-2148b47aee3d',47);
Insert into SCOTT.REFRESH_TOKEN (TOKEN_ID,CREATED_AT,UPDATED_AT,EXPIRY_DT,REFRESH_COUNT,TOKEN,USER_DEVICE_ID) values (48,to_timestamp('25/06/24 16:26:56.083000000','RR/MM/DD HH24:MI:SSXFF'),to_timestamp('25/06/24 16:26:56.083000000','RR/MM/DD HH24:MI:SSXFF'),to_timestamp('25/08/23 16:26:56.082000000','RR/MM/DD HH24:MI:SSXFF'),0,'e26ac5eb-b0ea-4861-8845-4a69925347f9',48);
Insert into SCOTT.REFRESH_TOKEN (TOKEN_ID,CREATED_AT,UPDATED_AT,EXPIRY_DT,REFRESH_COUNT,TOKEN,USER_DEVICE_ID) values (50,to_timestamp('25/06/24 17:03:34.040000000','RR/MM/DD HH24:MI:SSXFF'),to_timestamp('25/06/24 17:03:34.040000000','RR/MM/DD HH24:MI:SSXFF'),to_timestamp('25/08/23 17:03:34.040000000','RR/MM/DD HH24:MI:SSXFF'),0,'de74e3dc-1ee7-436a-9968-8f85bae1d188',50);
Insert into SCOTT.REFRESH_TOKEN (TOKEN_ID,CREATED_AT,UPDATED_AT,EXPIRY_DT,REFRESH_COUNT,TOKEN,USER_DEVICE_ID) values (52,to_timestamp('25/06/24 17:20:17.762000000','RR/MM/DD HH24:MI:SSXFF'),to_timestamp('25/06/24 17:20:17.762000000','RR/MM/DD HH24:MI:SSXFF'),to_timestamp('25/08/23 17:20:17.761000000','RR/MM/DD HH24:MI:SSXFF'),0,'ffbb3768-683e-44ce-a287-fb6dc796e75f',52);
Insert into SCOTT.REFRESH_TOKEN (TOKEN_ID,CREATED_AT,UPDATED_AT,EXPIRY_DT,REFRESH_COUNT,TOKEN,USER_DEVICE_ID) values (53,to_timestamp('25/06/24 18:06:00.091000000','RR/MM/DD HH24:MI:SSXFF'),to_timestamp('25/06/24 18:06:00.091000000','RR/MM/DD HH24:MI:SSXFF'),to_timestamp('25/08/23 18:06:00.089000000','RR/MM/DD HH24:MI:SSXFF'),0,'80ed6fe0-32cf-4a01-bd8d-cc27917281e7',53);
Insert into SCOTT.REFRESH_TOKEN (TOKEN_ID,CREATED_AT,UPDATED_AT,EXPIRY_DT,REFRESH_COUNT,TOKEN,USER_DEVICE_ID) values (54,to_timestamp('25/06/24 18:29:56.451000000','RR/MM/DD HH24:MI:SSXFF'),to_timestamp('25/06/24 18:29:56.451000000','RR/MM/DD HH24:MI:SSXFF'),to_timestamp('25/08/23 18:29:56.451000000','RR/MM/DD HH24:MI:SSXFF'),0,'17c297e1-c390-4d65-abf2-acb608251eb3',54);
Insert into SCOTT.REFRESH_TOKEN (TOKEN_ID,CREATED_AT,UPDATED_AT,EXPIRY_DT,REFRESH_COUNT,TOKEN,USER_DEVICE_ID) values (55,to_timestamp('25/06/24 18:58:20.027000000','RR/MM/DD HH24:MI:SSXFF'),to_timestamp('25/06/24 18:58:20.027000000','RR/MM/DD HH24:MI:SSXFF'),to_timestamp('25/08/23 18:58:20.026000000','RR/MM/DD HH24:MI:SSXFF'),0,'3878b038-76cd-4ac8-81d9-88c7ee520d4e',55);
Insert into SCOTT.REFRESH_TOKEN (TOKEN_ID,CREATED_AT,UPDATED_AT,EXPIRY_DT,REFRESH_COUNT,TOKEN,USER_DEVICE_ID) values (56,to_timestamp('25/06/24 19:36:46.617000000','RR/MM/DD HH24:MI:SSXFF'),to_timestamp('25/06/24 19:36:46.617000000','RR/MM/DD HH24:MI:SSXFF'),to_timestamp('25/08/23 19:36:46.559000000','RR/MM/DD HH24:MI:SSXFF'),0,'f33226c9-2acf-44ea-b4d4-d318f276d044',56);
Insert into SCOTT.REFRESH_TOKEN (TOKEN_ID,CREATED_AT,UPDATED_AT,EXPIRY_DT,REFRESH_COUNT,TOKEN,USER_DEVICE_ID) values (60,to_timestamp('25/06/25 13:36:41.632000000','RR/MM/DD HH24:MI:SSXFF'),to_timestamp('25/06/25 13:36:41.632000000','RR/MM/DD HH24:MI:SSXFF'),to_timestamp('25/08/24 13:36:41.599000000','RR/MM/DD HH24:MI:SSXFF'),0,'98541f04-8f60-437a-ad52-7e1ed0f66851',60);
Insert into SCOTT.REFRESH_TOKEN (TOKEN_ID,CREATED_AT,UPDATED_AT,EXPIRY_DT,REFRESH_COUNT,TOKEN,USER_DEVICE_ID) values (76,to_timestamp('25/06/30 10:41:33.358000000','RR/MM/DD HH24:MI:SSXFF'),to_timestamp('25/06/30 10:41:33.358000000','RR/MM/DD HH24:MI:SSXFF'),to_timestamp('25/08/29 10:41:33.336000000','RR/MM/DD HH24:MI:SSXFF'),0,'bf478be5-3444-473d-96c7-5c12726ae210',76);
Insert into SCOTT.REFRESH_TOKEN (TOKEN_ID,CREATED_AT,UPDATED_AT,EXPIRY_DT,REFRESH_COUNT,TOKEN,USER_DEVICE_ID) values (78,to_timestamp('25/06/30 11:46:18.408000000','RR/MM/DD HH24:MI:SSXFF'),to_timestamp('25/06/30 11:46:18.408000000','RR/MM/DD HH24:MI:SSXFF'),to_timestamp('25/08/29 11:46:18.405000000','RR/MM/DD HH24:MI:SSXFF'),0,'a20f6bf5-fcc8-4d14-9b76-5090044d3fed',78);
Insert into SCOTT.REFRESH_TOKEN (TOKEN_ID,CREATED_AT,UPDATED_AT,EXPIRY_DT,REFRESH_COUNT,TOKEN,USER_DEVICE_ID) values (81,to_timestamp('25/06/30 15:48:46.642000000','RR/MM/DD HH24:MI:SSXFF'),to_timestamp('25/06/30 15:48:46.642000000','RR/MM/DD HH24:MI:SSXFF'),to_timestamp('25/08/29 15:48:46.530000000','RR/MM/DD HH24:MI:SSXFF'),0,'5a8caa4c-88a4-4ae0-b24b-c5069c286d81',81);
Insert into SCOTT.REFRESH_TOKEN (TOKEN_ID,CREATED_AT,UPDATED_AT,EXPIRY_DT,REFRESH_COUNT,TOKEN,USER_DEVICE_ID) values (88,to_timestamp('25/07/01 10:24:38.643000000','RR/MM/DD HH24:MI:SSXFF'),to_timestamp('25/07/01 10:24:38.643000000','RR/MM/DD HH24:MI:SSXFF'),to_timestamp('25/08/30 10:24:38.611000000','RR/MM/DD HH24:MI:SSXFF'),0,'dfdad792-5aaa-4561-9925-c080e088ff4d',88);
Insert into SCOTT.REFRESH_TOKEN (TOKEN_ID,CREATED_AT,UPDATED_AT,EXPIRY_DT,REFRESH_COUNT,TOKEN,USER_DEVICE_ID) values (89,to_timestamp('25/07/01 11:05:48.543000000','RR/MM/DD HH24:MI:SSXFF'),to_timestamp('25/07/01 11:05:48.543000000','RR/MM/DD HH24:MI:SSXFF'),to_timestamp('25/08/30 11:05:48.493000000','RR/MM/DD HH24:MI:SSXFF'),0,'ac20b9c0-59f6-4973-ac09-b450b4f1a073',89);
Insert into SCOTT.REFRESH_TOKEN (TOKEN_ID,CREATED_AT,UPDATED_AT,EXPIRY_DT,REFRESH_COUNT,TOKEN,USER_DEVICE_ID) values (100,to_timestamp('25/07/02 15:49:43.044000000','RR/MM/DD HH24:MI:SSXFF'),to_timestamp('25/07/02 15:49:43.044000000','RR/MM/DD HH24:MI:SSXFF'),to_timestamp('25/08/31 15:49:42.971000000','RR/MM/DD HH24:MI:SSXFF'),0,'708e4682-a086-40de-8f60-eb4a1151731c',100);
Insert into SCOTT.REFRESH_TOKEN (TOKEN_ID,CREATED_AT,UPDATED_AT,EXPIRY_DT,REFRESH_COUNT,TOKEN,USER_DEVICE_ID) values (101,to_timestamp('25/07/02 15:55:23.540000000','RR/MM/DD HH24:MI:SSXFF'),to_timestamp('25/07/02 15:55:23.540000000','RR/MM/DD HH24:MI:SSXFF'),to_timestamp('25/08/31 15:55:23.514000000','RR/MM/DD HH24:MI:SSXFF'),0,'084b3f1d-b62f-4816-a37d-3577ff9633c6',101);
Insert into SCOTT.REFRESH_TOKEN (TOKEN_ID,CREATED_AT,UPDATED_AT,EXPIRY_DT,REFRESH_COUNT,TOKEN,USER_DEVICE_ID) values (102,to_timestamp('25/07/02 15:56:35.492000000','RR/MM/DD HH24:MI:SSXFF'),to_timestamp('25/07/02 15:56:35.492000000','RR/MM/DD HH24:MI:SSXFF'),to_timestamp('25/08/31 15:56:35.491000000','RR/MM/DD HH24:MI:SSXFF'),0,'296d1cb6-4824-4458-bfe7-864cca9d0cce',102);
Insert into SCOTT.REFRESH_TOKEN (TOKEN_ID,CREATED_AT,UPDATED_AT,EXPIRY_DT,REFRESH_COUNT,TOKEN,USER_DEVICE_ID) values (103,to_timestamp('25/07/02 16:01:47.366000000','RR/MM/DD HH24:MI:SSXFF'),to_timestamp('25/07/02 16:01:47.366000000','RR/MM/DD HH24:MI:SSXFF'),to_timestamp('25/08/31 16:01:47.366000000','RR/MM/DD HH24:MI:SSXFF'),0,'1b68ddf2-1e3a-46a4-8e9c-e93eb1a9ed8b',103);
Insert into SCOTT.REFRESH_TOKEN (TOKEN_ID,CREATED_AT,UPDATED_AT,EXPIRY_DT,REFRESH_COUNT,TOKEN,USER_DEVICE_ID) values (107,to_timestamp('25/07/02 16:41:23.815000000','RR/MM/DD HH24:MI:SSXFF'),to_timestamp('25/07/02 16:41:23.815000000','RR/MM/DD HH24:MI:SSXFF'),to_timestamp('25/08/31 16:41:23.758000000','RR/MM/DD HH24:MI:SSXFF'),0,'43882e8e-0a76-4228-ae4f-02024e0105a8',107);
Insert into SCOTT.REFRESH_TOKEN (TOKEN_ID,CREATED_AT,UPDATED_AT,EXPIRY_DT,REFRESH_COUNT,TOKEN,USER_DEVICE_ID) values (116,to_timestamp('25/07/03 09:26:41.262000000','RR/MM/DD HH24:MI:SSXFF'),to_timestamp('25/07/03 09:26:41.262000000','RR/MM/DD HH24:MI:SSXFF'),to_timestamp('25/09/01 09:26:41.245000000','RR/MM/DD HH24:MI:SSXFF'),0,'70a2ecc5-138e-46d7-a041-094d10f9328f',116);
Insert into SCOTT.REFRESH_TOKEN (TOKEN_ID,CREATED_AT,UPDATED_AT,EXPIRY_DT,REFRESH_COUNT,TOKEN,USER_DEVICE_ID) values (117,to_timestamp('25/07/03 10:59:04.218000000','RR/MM/DD HH24:MI:SSXFF'),to_timestamp('25/07/03 10:59:04.218000000','RR/MM/DD HH24:MI:SSXFF'),to_timestamp('25/09/01 10:59:04.174000000','RR/MM/DD HH24:MI:SSXFF'),0,'d016115c-e129-4429-8513-5f61ac06285f',117);
Insert into SCOTT.REFRESH_TOKEN (TOKEN_ID,CREATED_AT,UPDATED_AT,EXPIRY_DT,REFRESH_COUNT,TOKEN,USER_DEVICE_ID) values (128,to_timestamp('25/07/03 16:59:18.479000000','RR/MM/DD HH24:MI:SSXFF'),to_timestamp('25/07/03 16:59:18.479000000','RR/MM/DD HH24:MI:SSXFF'),to_timestamp('25/09/01 16:59:18.479000000','RR/MM/DD HH24:MI:SSXFF'),0,'fb0affba-babc-493d-b5ba-69a6569337ab',128);
Insert into SCOTT.REFRESH_TOKEN (TOKEN_ID,CREATED_AT,UPDATED_AT,EXPIRY_DT,REFRESH_COUNT,TOKEN,USER_DEVICE_ID) values (130,to_timestamp('25/07/03 17:09:12.739000000','RR/MM/DD HH24:MI:SSXFF'),to_timestamp('25/07/03 17:09:12.739000000','RR/MM/DD HH24:MI:SSXFF'),to_timestamp('25/09/01 17:09:12.737000000','RR/MM/DD HH24:MI:SSXFF'),0,'c688c40e-8dff-476a-8679-abf199acf140',130);
Insert into SCOTT.REFRESH_TOKEN (TOKEN_ID,CREATED_AT,UPDATED_AT,EXPIRY_DT,REFRESH_COUNT,TOKEN,USER_DEVICE_ID) values (129,to_timestamp('25/07/03 17:04:45.582000000','RR/MM/DD HH24:MI:SSXFF'),to_timestamp('25/07/03 17:04:45.582000000','RR/MM/DD HH24:MI:SSXFF'),to_timestamp('25/09/01 17:04:45.582000000','RR/MM/DD HH24:MI:SSXFF'),0,'99f22372-4264-493c-a7c4-69d9dce36b60',129);
Insert into SCOTT.REFRESH_TOKEN (TOKEN_ID,CREATED_AT,UPDATED_AT,EXPIRY_DT,REFRESH_COUNT,TOKEN,USER_DEVICE_ID) values (163,to_timestamp('25/07/07 12:15:50.872000000','RR/MM/DD HH24:MI:SSXFF'),to_timestamp('25/07/07 12:15:50.872000000','RR/MM/DD HH24:MI:SSXFF'),to_timestamp('25/09/05 12:15:50.871000000','RR/MM/DD HH24:MI:SSXFF'),0,'c8f158bb-f5c0-4230-8f9a-621d84f9f676',163);
Insert into SCOTT.REFRESH_TOKEN (TOKEN_ID,CREATED_AT,UPDATED_AT,EXPIRY_DT,REFRESH_COUNT,TOKEN,USER_DEVICE_ID) values (164,to_timestamp('25/07/07 12:25:09.426000000','RR/MM/DD HH24:MI:SSXFF'),to_timestamp('25/07/07 12:25:09.426000000','RR/MM/DD HH24:MI:SSXFF'),to_timestamp('25/09/05 12:25:09.407000000','RR/MM/DD HH24:MI:SSXFF'),0,'175141fc-3e56-4bd0-8fab-415c76da6433',164);
Insert into SCOTT.REFRESH_TOKEN (TOKEN_ID,CREATED_AT,UPDATED_AT,EXPIRY_DT,REFRESH_COUNT,TOKEN,USER_DEVICE_ID) values (165,to_timestamp('25/07/07 12:29:45.751000000','RR/MM/DD HH24:MI:SSXFF'),to_timestamp('25/07/07 12:29:45.751000000','RR/MM/DD HH24:MI:SSXFF'),to_timestamp('25/09/05 12:29:45.750000000','RR/MM/DD HH24:MI:SSXFF'),0,'79c82f7a-bd85-4e5a-bd1e-470230552e2f',165);
Insert into SCOTT.REFRESH_TOKEN (TOKEN_ID,CREATED_AT,UPDATED_AT,EXPIRY_DT,REFRESH_COUNT,TOKEN,USER_DEVICE_ID) values (166,to_timestamp('25/07/07 12:34:36.116000000','RR/MM/DD HH24:MI:SSXFF'),to_timestamp('25/07/07 12:34:36.116000000','RR/MM/DD HH24:MI:SSXFF'),to_timestamp('25/09/05 12:34:36.115000000','RR/MM/DD HH24:MI:SSXFF'),0,'09b2a759-3ed3-407e-8a27-ef5c2f9e52ef',166);
Insert into SCOTT.REFRESH_TOKEN (TOKEN_ID,CREATED_AT,UPDATED_AT,EXPIRY_DT,REFRESH_COUNT,TOKEN,USER_DEVICE_ID) values (167,to_timestamp('25/07/07 12:34:43.215000000','RR/MM/DD HH24:MI:SSXFF'),to_timestamp('25/07/07 12:34:43.215000000','RR/MM/DD HH24:MI:SSXFF'),to_timestamp('25/09/05 12:34:43.215000000','RR/MM/DD HH24:MI:SSXFF'),0,'faea4bca-8d95-4b70-bfec-8618269a9384',167);
Insert into SCOTT.REFRESH_TOKEN (TOKEN_ID,CREATED_AT,UPDATED_AT,EXPIRY_DT,REFRESH_COUNT,TOKEN,USER_DEVICE_ID) values (168,to_timestamp('25/07/07 12:34:52.321000000','RR/MM/DD HH24:MI:SSXFF'),to_timestamp('25/07/07 12:34:52.321000000','RR/MM/DD HH24:MI:SSXFF'),to_timestamp('25/09/05 12:34:52.320000000','RR/MM/DD HH24:MI:SSXFF'),0,'0db57413-82bd-4a47-9312-7f3f56dccdc2',168);
Insert into SCOTT.REFRESH_TOKEN (TOKEN_ID,CREATED_AT,UPDATED_AT,EXPIRY_DT,REFRESH_COUNT,TOKEN,USER_DEVICE_ID) values (170,to_timestamp('25/07/07 12:56:58.075000000','RR/MM/DD HH24:MI:SSXFF'),to_timestamp('25/07/07 12:56:58.075000000','RR/MM/DD HH24:MI:SSXFF'),to_timestamp('25/09/05 12:56:58.074000000','RR/MM/DD HH24:MI:SSXFF'),0,'5dc8cc80-9374-4372-bf9c-816d2bbcbf64',170);
Insert into SCOTT.REFRESH_TOKEN (TOKEN_ID,CREATED_AT,UPDATED_AT,EXPIRY_DT,REFRESH_COUNT,TOKEN,USER_DEVICE_ID) values (171,to_timestamp('25/07/07 12:58:57.642000000','RR/MM/DD HH24:MI:SSXFF'),to_timestamp('25/07/07 12:58:57.642000000','RR/MM/DD HH24:MI:SSXFF'),to_timestamp('25/09/05 12:58:57.640000000','RR/MM/DD HH24:MI:SSXFF'),0,'dadf454b-1a20-4fce-909e-4ba6d09cf081',171);
Insert into SCOTT.REFRESH_TOKEN (TOKEN_ID,CREATED_AT,UPDATED_AT,EXPIRY_DT,REFRESH_COUNT,TOKEN,USER_DEVICE_ID) values (172,to_timestamp('25/07/07 13:00:10.313000000','RR/MM/DD HH24:MI:SSXFF'),to_timestamp('25/07/07 13:00:10.313000000','RR/MM/DD HH24:MI:SSXFF'),to_timestamp('25/09/05 13:00:10.312000000','RR/MM/DD HH24:MI:SSXFF'),0,'1421fa95-dc35-47ef-beea-bfac9640d04b',172);
Insert into SCOTT.REFRESH_TOKEN (TOKEN_ID,CREATED_AT,UPDATED_AT,EXPIRY_DT,REFRESH_COUNT,TOKEN,USER_DEVICE_ID) values (173,to_timestamp('25/07/07 13:06:12.821000000','RR/MM/DD HH24:MI:SSXFF'),to_timestamp('25/07/07 13:06:12.821000000','RR/MM/DD HH24:MI:SSXFF'),to_timestamp('25/09/05 13:06:12.820000000','RR/MM/DD HH24:MI:SSXFF'),0,'bf28e9d0-cef7-43bd-808f-1b5d2f5f4836',173);
Insert into SCOTT.REFRESH_TOKEN (TOKEN_ID,CREATED_AT,UPDATED_AT,EXPIRY_DT,REFRESH_COUNT,TOKEN,USER_DEVICE_ID) values (174,to_timestamp('25/07/07 13:06:27.089000000','RR/MM/DD HH24:MI:SSXFF'),to_timestamp('25/07/07 13:06:27.089000000','RR/MM/DD HH24:MI:SSXFF'),to_timestamp('25/09/05 13:06:27.089000000','RR/MM/DD HH24:MI:SSXFF'),0,'3d5cb46c-9d30-4bb4-a013-2c3848ba54c5',174);
Insert into SCOTT.REFRESH_TOKEN (TOKEN_ID,CREATED_AT,UPDATED_AT,EXPIRY_DT,REFRESH_COUNT,TOKEN,USER_DEVICE_ID) values (175,to_timestamp('25/07/07 13:06:40.040000000','RR/MM/DD HH24:MI:SSXFF'),to_timestamp('25/07/07 13:06:40.040000000','RR/MM/DD HH24:MI:SSXFF'),to_timestamp('25/09/05 13:06:40.040000000','RR/MM/DD HH24:MI:SSXFF'),0,'ca0ab639-5288-4683-be46-53e73fea8acb',175);
Insert into SCOTT.REFRESH_TOKEN (TOKEN_ID,CREATED_AT,UPDATED_AT,EXPIRY_DT,REFRESH_COUNT,TOKEN,USER_DEVICE_ID) values (176,to_timestamp('25/07/07 13:08:31.689000000','RR/MM/DD HH24:MI:SSXFF'),to_timestamp('25/07/07 13:08:31.689000000','RR/MM/DD HH24:MI:SSXFF'),to_timestamp('25/09/05 13:08:31.688000000','RR/MM/DD HH24:MI:SSXFF'),0,'ba2cf5dc-c31d-41ed-a3a8-3dc8f5b5b4e4',176);
Insert into SCOTT.REFRESH_TOKEN (TOKEN_ID,CREATED_AT,UPDATED_AT,EXPIRY_DT,REFRESH_COUNT,TOKEN,USER_DEVICE_ID) values (177,to_timestamp('25/07/07 13:09:05.029000000','RR/MM/DD HH24:MI:SSXFF'),to_timestamp('25/07/07 13:09:05.029000000','RR/MM/DD HH24:MI:SSXFF'),to_timestamp('25/09/05 13:09:05.029000000','RR/MM/DD HH24:MI:SSXFF'),0,'5f438e6c-aa70-4a92-8ca9-d7ed47c68463',177);
Insert into SCOTT.REFRESH_TOKEN (TOKEN_ID,CREATED_AT,UPDATED_AT,EXPIRY_DT,REFRESH_COUNT,TOKEN,USER_DEVICE_ID) values (178,to_timestamp('25/07/07 13:09:26.701000000','RR/MM/DD HH24:MI:SSXFF'),to_timestamp('25/07/07 13:09:26.701000000','RR/MM/DD HH24:MI:SSXFF'),to_timestamp('25/09/05 13:09:26.701000000','RR/MM/DD HH24:MI:SSXFF'),0,'05a5782f-acf6-48ab-8291-e78edec2b68c',178);
Insert into SCOTT.REFRESH_TOKEN (TOKEN_ID,CREATED_AT,UPDATED_AT,EXPIRY_DT,REFRESH_COUNT,TOKEN,USER_DEVICE_ID) values (179,to_timestamp('25/07/07 13:10:06.758000000','RR/MM/DD HH24:MI:SSXFF'),to_timestamp('25/07/07 13:10:06.758000000','RR/MM/DD HH24:MI:SSXFF'),to_timestamp('25/09/05 13:10:06.758000000','RR/MM/DD HH24:MI:SSXFF'),0,'db24e56c-82c9-4e0d-b9a8-6270a6129506',179);
Insert into SCOTT.REFRESH_TOKEN (TOKEN_ID,CREATED_AT,UPDATED_AT,EXPIRY_DT,REFRESH_COUNT,TOKEN,USER_DEVICE_ID) values (180,to_timestamp('25/07/07 13:10:12.517000000','RR/MM/DD HH24:MI:SSXFF'),to_timestamp('25/07/07 13:10:12.517000000','RR/MM/DD HH24:MI:SSXFF'),to_timestamp('25/09/05 13:10:12.517000000','RR/MM/DD HH24:MI:SSXFF'),0,'97976eff-786d-4733-bb6c-b3b2d5679b6a',180);
Insert into SCOTT.REFRESH_TOKEN (TOKEN_ID,CREATED_AT,UPDATED_AT,EXPIRY_DT,REFRESH_COUNT,TOKEN,USER_DEVICE_ID) values (182,to_timestamp('25/07/07 13:20:42.822000000','RR/MM/DD HH24:MI:SSXFF'),to_timestamp('25/07/07 13:20:42.822000000','RR/MM/DD HH24:MI:SSXFF'),to_timestamp('25/09/05 13:20:42.821000000','RR/MM/DD HH24:MI:SSXFF'),0,'dc775d81-8486-42ae-98ca-b129e5b0728c',182);
Insert into SCOTT.REFRESH_TOKEN (TOKEN_ID,CREATED_AT,UPDATED_AT,EXPIRY_DT,REFRESH_COUNT,TOKEN,USER_DEVICE_ID) values (183,to_timestamp('25/07/07 13:23:44.895000000','RR/MM/DD HH24:MI:SSXFF'),to_timestamp('25/07/07 13:23:44.895000000','RR/MM/DD HH24:MI:SSXFF'),to_timestamp('25/09/05 13:23:44.895000000','RR/MM/DD HH24:MI:SSXFF'),0,'b59e0173-7780-47f7-981d-85272a94f2fd',183);
Insert into SCOTT.REFRESH_TOKEN (TOKEN_ID,CREATED_AT,UPDATED_AT,EXPIRY_DT,REFRESH_COUNT,TOKEN,USER_DEVICE_ID) values (184,to_timestamp('25/07/07 13:24:00.868000000','RR/MM/DD HH24:MI:SSXFF'),to_timestamp('25/07/07 13:24:00.868000000','RR/MM/DD HH24:MI:SSXFF'),to_timestamp('25/09/05 13:24:00.867000000','RR/MM/DD HH24:MI:SSXFF'),0,'3b8b0d7d-93d6-4c08-bd4b-4132ccbcb064',184);
Insert into SCOTT.REFRESH_TOKEN (TOKEN_ID,CREATED_AT,UPDATED_AT,EXPIRY_DT,REFRESH_COUNT,TOKEN,USER_DEVICE_ID) values (185,to_timestamp('25/07/07 13:24:28.015000000','RR/MM/DD HH24:MI:SSXFF'),to_timestamp('25/07/07 13:24:28.015000000','RR/MM/DD HH24:MI:SSXFF'),to_timestamp('25/09/05 13:24:28.015000000','RR/MM/DD HH24:MI:SSXFF'),0,'85a5891c-8164-4a84-9ff7-281d003a8446',185);
Insert into SCOTT.REFRESH_TOKEN (TOKEN_ID,CREATED_AT,UPDATED_AT,EXPIRY_DT,REFRESH_COUNT,TOKEN,USER_DEVICE_ID) values (218,to_timestamp('25/07/08 14:06:44.442000000','RR/MM/DD HH24:MI:SSXFF'),to_timestamp('25/07/08 14:06:44.442000000','RR/MM/DD HH24:MI:SSXFF'),to_timestamp('25/09/06 14:06:44.409000000','RR/MM/DD HH24:MI:SSXFF'),0,'10a46ce7-9024-4d58-b04d-3306178224de',218);
Insert into SCOTT.REFRESH_TOKEN (TOKEN_ID,CREATED_AT,UPDATED_AT,EXPIRY_DT,REFRESH_COUNT,TOKEN,USER_DEVICE_ID) values (226,to_timestamp('25/07/08 17:09:24.423000000','RR/MM/DD HH24:MI:SSXFF'),to_timestamp('25/07/08 17:09:24.423000000','RR/MM/DD HH24:MI:SSXFF'),to_timestamp('25/09/06 17:09:24.390000000','RR/MM/DD HH24:MI:SSXFF'),0,'fd5ed2e3-d58e-4bf5-aae5-b48cb62846ac',226);
Insert into SCOTT.REFRESH_TOKEN (TOKEN_ID,CREATED_AT,UPDATED_AT,EXPIRY_DT,REFRESH_COUNT,TOKEN,USER_DEVICE_ID) values (227,to_timestamp('25/07/08 17:09:41.287000000','RR/MM/DD HH24:MI:SSXFF'),to_timestamp('25/07/08 17:09:41.287000000','RR/MM/DD HH24:MI:SSXFF'),to_timestamp('25/09/06 17:09:41.286000000','RR/MM/DD HH24:MI:SSXFF'),0,'32524214-2735-46c0-9533-7632922376d3',227);
Insert into SCOTT.REFRESH_TOKEN (TOKEN_ID,CREATED_AT,UPDATED_AT,EXPIRY_DT,REFRESH_COUNT,TOKEN,USER_DEVICE_ID) values (228,to_timestamp('25/07/08 17:09:52.636000000','RR/MM/DD HH24:MI:SSXFF'),to_timestamp('25/07/08 17:09:52.636000000','RR/MM/DD HH24:MI:SSXFF'),to_timestamp('25/09/06 17:09:52.635000000','RR/MM/DD HH24:MI:SSXFF'),0,'5373f675-319b-4849-8a02-88b29153d5a7',228);
Insert into SCOTT.REFRESH_TOKEN (TOKEN_ID,CREATED_AT,UPDATED_AT,EXPIRY_DT,REFRESH_COUNT,TOKEN,USER_DEVICE_ID) values (229,to_timestamp('25/07/08 17:10:00.270000000','RR/MM/DD HH24:MI:SSXFF'),to_timestamp('25/07/08 17:10:00.270000000','RR/MM/DD HH24:MI:SSXFF'),to_timestamp('25/09/06 17:10:00.269000000','RR/MM/DD HH24:MI:SSXFF'),0,'e3f9cb5b-ec93-4b84-9ccc-f402a7b58cef',229);
Insert into SCOTT.REFRESH_TOKEN (TOKEN_ID,CREATED_AT,UPDATED_AT,EXPIRY_DT,REFRESH_COUNT,TOKEN,USER_DEVICE_ID) values (230,to_timestamp('25/07/08 17:11:19.185000000','RR/MM/DD HH24:MI:SSXFF'),to_timestamp('25/07/08 17:11:19.185000000','RR/MM/DD HH24:MI:SSXFF'),to_timestamp('25/09/06 17:11:19.181000000','RR/MM/DD HH24:MI:SSXFF'),0,'8203decd-125e-4c9c-a856-b6ee8b5a0e21',230);
Insert into SCOTT.REFRESH_TOKEN (TOKEN_ID,CREATED_AT,UPDATED_AT,EXPIRY_DT,REFRESH_COUNT,TOKEN,USER_DEVICE_ID) values (231,to_timestamp('25/07/08 17:19:04.685000000','RR/MM/DD HH24:MI:SSXFF'),to_timestamp('25/07/08 17:19:04.685000000','RR/MM/DD HH24:MI:SSXFF'),to_timestamp('25/09/06 17:19:04.684000000','RR/MM/DD HH24:MI:SSXFF'),0,'97143ec6-2496-45bc-a187-b43c73e12f99',231);
Insert into SCOTT.REFRESH_TOKEN (TOKEN_ID,CREATED_AT,UPDATED_AT,EXPIRY_DT,REFRESH_COUNT,TOKEN,USER_DEVICE_ID) values (239,to_timestamp('25/07/09 10:47:18.673000000','RR/MM/DD HH24:MI:SSXFF'),to_timestamp('25/07/09 10:47:18.673000000','RR/MM/DD HH24:MI:SSXFF'),to_timestamp('25/09/07 10:47:18.673000000','RR/MM/DD HH24:MI:SSXFF'),0,'5a47552f-a8ea-4f35-a77b-a3f496c15ff7',239);
Insert into SCOTT.REFRESH_TOKEN (TOKEN_ID,CREATED_AT,UPDATED_AT,EXPIRY_DT,REFRESH_COUNT,TOKEN,USER_DEVICE_ID) values (240,to_timestamp('25/07/09 10:50:57.364000000','RR/MM/DD HH24:MI:SSXFF'),to_timestamp('25/07/09 10:50:57.364000000','RR/MM/DD HH24:MI:SSXFF'),to_timestamp('25/09/07 10:50:57.363000000','RR/MM/DD HH24:MI:SSXFF'),0,'7eca7017-b5ee-4b52-b604-76b80731b15e',240);
Insert into SCOTT.REFRESH_TOKEN (TOKEN_ID,CREATED_AT,UPDATED_AT,EXPIRY_DT,REFRESH_COUNT,TOKEN,USER_DEVICE_ID) values (244,to_timestamp('25/07/09 15:48:45.916000000','RR/MM/DD HH24:MI:SSXFF'),to_timestamp('25/07/09 15:48:45.916000000','RR/MM/DD HH24:MI:SSXFF'),to_timestamp('25/09/07 15:48:45.902000000','RR/MM/DD HH24:MI:SSXFF'),0,'f3ef66f5-7152-4d70-972a-fc5f62113871',244);
Insert into SCOTT.REFRESH_TOKEN (TOKEN_ID,CREATED_AT,UPDATED_AT,EXPIRY_DT,REFRESH_COUNT,TOKEN,USER_DEVICE_ID) values (64,to_timestamp('25/06/25 16:07:19.965000000','RR/MM/DD HH24:MI:SSXFF'),to_timestamp('25/06/25 16:07:19.965000000','RR/MM/DD HH24:MI:SSXFF'),to_timestamp('25/08/24 16:07:19.908000000','RR/MM/DD HH24:MI:SSXFF'),0,'956c8a3f-bebc-4812-afd8-10932579ecad',64);
Insert into SCOTT.REFRESH_TOKEN (TOKEN_ID,CREATED_AT,UPDATED_AT,EXPIRY_DT,REFRESH_COUNT,TOKEN,USER_DEVICE_ID) values (65,to_timestamp('25/06/26 14:39:36.798000000','RR/MM/DD HH24:MI:SSXFF'),to_timestamp('25/06/26 14:39:36.798000000','RR/MM/DD HH24:MI:SSXFF'),to_timestamp('25/08/25 14:39:36.732000000','RR/MM/DD HH24:MI:SSXFF'),0,'0b348d23-36fd-4cd2-ad74-c099b9432eae',65);
Insert into SCOTT.REFRESH_TOKEN (TOKEN_ID,CREATED_AT,UPDATED_AT,EXPIRY_DT,REFRESH_COUNT,TOKEN,USER_DEVICE_ID) values (71,to_timestamp('25/06/26 18:27:22.914000000','RR/MM/DD HH24:MI:SSXFF'),to_timestamp('25/06/26 18:27:22.914000000','RR/MM/DD HH24:MI:SSXFF'),to_timestamp('25/08/25 18:27:22.906000000','RR/MM/DD HH24:MI:SSXFF'),0,'7a084ae3-824a-468b-a8e3-a1001f276985',71);
Insert into SCOTT.REFRESH_TOKEN (TOKEN_ID,CREATED_AT,UPDATED_AT,EXPIRY_DT,REFRESH_COUNT,TOKEN,USER_DEVICE_ID) values (72,to_timestamp('25/06/27 13:59:23.765000000','RR/MM/DD HH24:MI:SSXFF'),to_timestamp('25/06/27 13:59:23.765000000','RR/MM/DD HH24:MI:SSXFF'),to_timestamp('25/08/26 13:59:23.720000000','RR/MM/DD HH24:MI:SSXFF'),0,'52d30d95-b05e-4be7-939e-b856a32ffab2',72);
Insert into SCOTT.REFRESH_TOKEN (TOKEN_ID,CREATED_AT,UPDATED_AT,EXPIRY_DT,REFRESH_COUNT,TOKEN,USER_DEVICE_ID) values (79,to_timestamp('25/06/30 15:10:47.149000000','RR/MM/DD HH24:MI:SSXFF'),to_timestamp('25/06/30 15:10:47.149000000','RR/MM/DD HH24:MI:SSXFF'),to_timestamp('25/08/29 15:10:47.134000000','RR/MM/DD HH24:MI:SSXFF'),0,'dc1c4605-e4aa-45f2-9d1d-22691d58cff3',79);
Insert into SCOTT.REFRESH_TOKEN (TOKEN_ID,CREATED_AT,UPDATED_AT,EXPIRY_DT,REFRESH_COUNT,TOKEN,USER_DEVICE_ID) values (90,to_timestamp('25/07/01 15:12:24.038000000','RR/MM/DD HH24:MI:SSXFF'),to_timestamp('25/07/01 15:12:24.038000000','RR/MM/DD HH24:MI:SSXFF'),to_timestamp('25/08/30 15:12:24.000000000','RR/MM/DD HH24:MI:SSXFF'),0,'93757215-be05-458f-ac5e-4567d4fb0e09',90);
Insert into SCOTT.REFRESH_TOKEN (TOKEN_ID,CREATED_AT,UPDATED_AT,EXPIRY_DT,REFRESH_COUNT,TOKEN,USER_DEVICE_ID) values (92,to_timestamp('25/07/01 15:41:06.940000000','RR/MM/DD HH24:MI:SSXFF'),to_timestamp('25/07/01 15:41:06.940000000','RR/MM/DD HH24:MI:SSXFF'),to_timestamp('25/08/30 15:41:06.938000000','RR/MM/DD HH24:MI:SSXFF'),0,'fc3bd9d6-0488-43cd-a537-9318ae5fc8d4',92);
Insert into SCOTT.REFRESH_TOKEN (TOKEN_ID,CREATED_AT,UPDATED_AT,EXPIRY_DT,REFRESH_COUNT,TOKEN,USER_DEVICE_ID) values (97,to_timestamp('25/07/02 15:19:08.447000000','RR/MM/DD HH24:MI:SSXFF'),to_timestamp('25/07/02 15:19:08.447000000','RR/MM/DD HH24:MI:SSXFF'),to_timestamp('25/08/31 15:19:08.408000000','RR/MM/DD HH24:MI:SSXFF'),0,'cb1029a4-8b87-4fea-afc3-d0f64dc1c901',97);
Insert into SCOTT.REFRESH_TOKEN (TOKEN_ID,CREATED_AT,UPDATED_AT,EXPIRY_DT,REFRESH_COUNT,TOKEN,USER_DEVICE_ID) values (98,to_timestamp('25/07/02 15:26:13.194000000','RR/MM/DD HH24:MI:SSXFF'),to_timestamp('25/07/02 15:26:13.194000000','RR/MM/DD HH24:MI:SSXFF'),to_timestamp('25/08/31 15:26:13.192000000','RR/MM/DD HH24:MI:SSXFF'),0,'6227eb49-9721-4a54-aea0-52e3a41b2a42',98);
Insert into SCOTT.REFRESH_TOKEN (TOKEN_ID,CREATED_AT,UPDATED_AT,EXPIRY_DT,REFRESH_COUNT,TOKEN,USER_DEVICE_ID) values (99,to_timestamp('25/07/02 15:45:05.364000000','RR/MM/DD HH24:MI:SSXFF'),to_timestamp('25/07/02 15:45:05.364000000','RR/MM/DD HH24:MI:SSXFF'),to_timestamp('25/08/31 15:45:05.334000000','RR/MM/DD HH24:MI:SSXFF'),0,'9faee598-60e1-46d9-a7e8-425a457428d5',99);
Insert into SCOTT.REFRESH_TOKEN (TOKEN_ID,CREATED_AT,UPDATED_AT,EXPIRY_DT,REFRESH_COUNT,TOKEN,USER_DEVICE_ID) values (104,to_timestamp('25/07/02 16:17:10.080000000','RR/MM/DD HH24:MI:SSXFF'),to_timestamp('25/07/02 16:17:10.080000000','RR/MM/DD HH24:MI:SSXFF'),to_timestamp('25/08/31 16:17:10.063000000','RR/MM/DD HH24:MI:SSXFF'),0,'d742855c-46d7-4e8b-8e18-a8f5660e574b',104);
Insert into SCOTT.REFRESH_TOKEN (TOKEN_ID,CREATED_AT,UPDATED_AT,EXPIRY_DT,REFRESH_COUNT,TOKEN,USER_DEVICE_ID) values (105,to_timestamp('25/07/02 16:18:14.035000000','RR/MM/DD HH24:MI:SSXFF'),to_timestamp('25/07/02 16:18:14.035000000','RR/MM/DD HH24:MI:SSXFF'),to_timestamp('25/08/31 16:18:13.965000000','RR/MM/DD HH24:MI:SSXFF'),0,'c4ce7cab-af57-4ba5-8586-6585551143c1',105);
Insert into SCOTT.REFRESH_TOKEN (TOKEN_ID,CREATED_AT,UPDATED_AT,EXPIRY_DT,REFRESH_COUNT,TOKEN,USER_DEVICE_ID) values (106,to_timestamp('25/07/02 16:36:26.553000000','RR/MM/DD HH24:MI:SSXFF'),to_timestamp('25/07/02 16:36:26.553000000','RR/MM/DD HH24:MI:SSXFF'),to_timestamp('25/08/31 16:36:26.528000000','RR/MM/DD HH24:MI:SSXFF'),0,'1a18443b-7da9-4c15-bd1c-1402e3fb9f21',106);
Insert into SCOTT.REFRESH_TOKEN (TOKEN_ID,CREATED_AT,UPDATED_AT,EXPIRY_DT,REFRESH_COUNT,TOKEN,USER_DEVICE_ID) values (108,to_timestamp('25/07/02 16:43:44.028000000','RR/MM/DD HH24:MI:SSXFF'),to_timestamp('25/07/02 16:43:44.028000000','RR/MM/DD HH24:MI:SSXFF'),to_timestamp('25/08/31 16:43:44.028000000','RR/MM/DD HH24:MI:SSXFF'),0,'ea8820cf-a840-4555-affc-e06ac3f26607',108);
Insert into SCOTT.REFRESH_TOKEN (TOKEN_ID,CREATED_AT,UPDATED_AT,EXPIRY_DT,REFRESH_COUNT,TOKEN,USER_DEVICE_ID) values (113,to_timestamp('25/07/02 17:32:38.801000000','RR/MM/DD HH24:MI:SSXFF'),to_timestamp('25/07/02 17:32:38.801000000','RR/MM/DD HH24:MI:SSXFF'),to_timestamp('25/08/31 17:32:38.781000000','RR/MM/DD HH24:MI:SSXFF'),0,'1fe565bb-dbf0-4de4-ab9c-76ac3522aaff',113);
Insert into SCOTT.REFRESH_TOKEN (TOKEN_ID,CREATED_AT,UPDATED_AT,EXPIRY_DT,REFRESH_COUNT,TOKEN,USER_DEVICE_ID) values (114,to_timestamp('25/07/02 17:42:51.070000000','RR/MM/DD HH24:MI:SSXFF'),to_timestamp('25/07/02 17:42:51.070000000','RR/MM/DD HH24:MI:SSXFF'),to_timestamp('25/08/31 17:42:51.044000000','RR/MM/DD HH24:MI:SSXFF'),0,'65a42377-5a72-4ae3-b0c4-311b3ada1742',114);
Insert into SCOTT.REFRESH_TOKEN (TOKEN_ID,CREATED_AT,UPDATED_AT,EXPIRY_DT,REFRESH_COUNT,TOKEN,USER_DEVICE_ID) values (142,to_timestamp('25/07/04 15:41:40.309000000','RR/MM/DD HH24:MI:SSXFF'),to_timestamp('25/07/04 15:41:40.309000000','RR/MM/DD HH24:MI:SSXFF'),to_timestamp('25/09/02 15:41:40.290000000','RR/MM/DD HH24:MI:SSXFF'),0,'fe5e5c11-33f6-489a-b5e3-e9c8d6d47265',142);
Insert into SCOTT.REFRESH_TOKEN (TOKEN_ID,CREATED_AT,UPDATED_AT,EXPIRY_DT,REFRESH_COUNT,TOKEN,USER_DEVICE_ID) values (143,to_timestamp('25/07/04 15:41:48.628000000','RR/MM/DD HH24:MI:SSXFF'),to_timestamp('25/07/04 15:41:48.628000000','RR/MM/DD HH24:MI:SSXFF'),to_timestamp('25/09/02 15:41:48.628000000','RR/MM/DD HH24:MI:SSXFF'),0,'aa8865ac-78a9-4b94-9a0e-0275a3ad6afa',143);
Insert into SCOTT.REFRESH_TOKEN (TOKEN_ID,CREATED_AT,UPDATED_AT,EXPIRY_DT,REFRESH_COUNT,TOKEN,USER_DEVICE_ID) values (145,to_timestamp('25/07/04 16:45:52.879000000','RR/MM/DD HH24:MI:SSXFF'),to_timestamp('25/07/04 16:45:52.879000000','RR/MM/DD HH24:MI:SSXFF'),to_timestamp('25/09/02 16:45:52.853000000','RR/MM/DD HH24:MI:SSXFF'),0,'f3a8f965-e6e8-4ece-9f1b-6ca397b46a94',145);
Insert into SCOTT.REFRESH_TOKEN (TOKEN_ID,CREATED_AT,UPDATED_AT,EXPIRY_DT,REFRESH_COUNT,TOKEN,USER_DEVICE_ID) values (161,to_timestamp('25/07/07 09:26:27.198000000','RR/MM/DD HH24:MI:SSXFF'),to_timestamp('25/07/07 09:26:27.198000000','RR/MM/DD HH24:MI:SSXFF'),to_timestamp('25/09/05 09:26:27.185000000','RR/MM/DD HH24:MI:SSXFF'),0,'a6fd80e7-e661-4e68-a467-59d480da9f1b',161);
Insert into SCOTT.REFRESH_TOKEN (TOKEN_ID,CREATED_AT,UPDATED_AT,EXPIRY_DT,REFRESH_COUNT,TOKEN,USER_DEVICE_ID) values (192,to_timestamp('25/07/07 14:16:39.943000000','RR/MM/DD HH24:MI:SSXFF'),to_timestamp('25/07/07 14:16:39.943000000','RR/MM/DD HH24:MI:SSXFF'),to_timestamp('25/09/05 14:16:39.914000000','RR/MM/DD HH24:MI:SSXFF'),0,'91606558-2819-44cd-87b6-3e3b83ff0b7e',192);
Insert into SCOTT.REFRESH_TOKEN (TOKEN_ID,CREATED_AT,UPDATED_AT,EXPIRY_DT,REFRESH_COUNT,TOKEN,USER_DEVICE_ID) values (193,to_timestamp('25/07/08 09:16:10.968000000','RR/MM/DD HH24:MI:SSXFF'),to_timestamp('25/07/08 09:16:10.968000000','RR/MM/DD HH24:MI:SSXFF'),to_timestamp('25/09/06 09:16:10.958000000','RR/MM/DD HH24:MI:SSXFF'),0,'c2af9885-bc24-49c7-bf12-6b55353e97f2',193);
Insert into SCOTT.REFRESH_TOKEN (TOKEN_ID,CREATED_AT,UPDATED_AT,EXPIRY_DT,REFRESH_COUNT,TOKEN,USER_DEVICE_ID) values (194,to_timestamp('25/07/08 09:16:25.035000000','RR/MM/DD HH24:MI:SSXFF'),to_timestamp('25/07/08 09:16:25.035000000','RR/MM/DD HH24:MI:SSXFF'),to_timestamp('25/09/06 09:16:25.035000000','RR/MM/DD HH24:MI:SSXFF'),0,'2ea7af39-b932-42e1-9626-0f1d13f35008',194);
Insert into SCOTT.REFRESH_TOKEN (TOKEN_ID,CREATED_AT,UPDATED_AT,EXPIRY_DT,REFRESH_COUNT,TOKEN,USER_DEVICE_ID) values (195,to_timestamp('25/07/08 09:16:37.956000000','RR/MM/DD HH24:MI:SSXFF'),to_timestamp('25/07/08 09:16:37.956000000','RR/MM/DD HH24:MI:SSXFF'),to_timestamp('25/09/06 09:16:37.956000000','RR/MM/DD HH24:MI:SSXFF'),0,'f94d279e-35da-4bdc-b547-bedd1da03da0',195);
Insert into SCOTT.REFRESH_TOKEN (TOKEN_ID,CREATED_AT,UPDATED_AT,EXPIRY_DT,REFRESH_COUNT,TOKEN,USER_DEVICE_ID) values (196,to_timestamp('25/07/08 09:17:41.211000000','RR/MM/DD HH24:MI:SSXFF'),to_timestamp('25/07/08 09:17:41.211000000','RR/MM/DD HH24:MI:SSXFF'),to_timestamp('25/09/06 09:17:41.211000000','RR/MM/DD HH24:MI:SSXFF'),0,'d0e491aa-1b78-49fa-aca9-5ce78e86ff7d',196);
Insert into SCOTT.REFRESH_TOKEN (TOKEN_ID,CREATED_AT,UPDATED_AT,EXPIRY_DT,REFRESH_COUNT,TOKEN,USER_DEVICE_ID) values (197,to_timestamp('25/07/08 09:17:49.466000000','RR/MM/DD HH24:MI:SSXFF'),to_timestamp('25/07/08 09:17:49.466000000','RR/MM/DD HH24:MI:SSXFF'),to_timestamp('25/09/06 09:17:49.465000000','RR/MM/DD HH24:MI:SSXFF'),0,'8c6cdd53-6085-49a9-b40f-3c4120d02851',197);
Insert into SCOTT.REFRESH_TOKEN (TOKEN_ID,CREATED_AT,UPDATED_AT,EXPIRY_DT,REFRESH_COUNT,TOKEN,USER_DEVICE_ID) values (198,to_timestamp('25/07/08 09:18:04.156000000','RR/MM/DD HH24:MI:SSXFF'),to_timestamp('25/07/08 09:18:04.156000000','RR/MM/DD HH24:MI:SSXFF'),to_timestamp('25/09/06 09:18:04.156000000','RR/MM/DD HH24:MI:SSXFF'),0,'7d1a0aa2-15db-4e59-b6fa-d7dfd033a447',198);
Insert into SCOTT.REFRESH_TOKEN (TOKEN_ID,CREATED_AT,UPDATED_AT,EXPIRY_DT,REFRESH_COUNT,TOKEN,USER_DEVICE_ID) values (199,to_timestamp('25/07/08 09:18:12.609000000','RR/MM/DD HH24:MI:SSXFF'),to_timestamp('25/07/08 09:18:12.609000000','RR/MM/DD HH24:MI:SSXFF'),to_timestamp('25/09/06 09:18:12.608000000','RR/MM/DD HH24:MI:SSXFF'),0,'5b8b3dae-0ec7-413d-9d28-0f469d68fba1',199);
Insert into SCOTT.REFRESH_TOKEN (TOKEN_ID,CREATED_AT,UPDATED_AT,EXPIRY_DT,REFRESH_COUNT,TOKEN,USER_DEVICE_ID) values (200,to_timestamp('25/07/08 09:18:34.236000000','RR/MM/DD HH24:MI:SSXFF'),to_timestamp('25/07/08 09:18:34.236000000','RR/MM/DD HH24:MI:SSXFF'),to_timestamp('25/09/06 09:18:34.236000000','RR/MM/DD HH24:MI:SSXFF'),0,'d0a93286-1d2e-4c9f-96d0-cddb0dcd3b60',200);
Insert into SCOTT.REFRESH_TOKEN (TOKEN_ID,CREATED_AT,UPDATED_AT,EXPIRY_DT,REFRESH_COUNT,TOKEN,USER_DEVICE_ID) values (201,to_timestamp('25/07/08 09:19:04.540000000','RR/MM/DD HH24:MI:SSXFF'),to_timestamp('25/07/08 09:19:04.540000000','RR/MM/DD HH24:MI:SSXFF'),to_timestamp('25/09/06 09:19:04.540000000','RR/MM/DD HH24:MI:SSXFF'),0,'65c3aa1b-a4ea-4187-a97d-8db0cc4550ab',201);
Insert into SCOTT.REFRESH_TOKEN (TOKEN_ID,CREATED_AT,UPDATED_AT,EXPIRY_DT,REFRESH_COUNT,TOKEN,USER_DEVICE_ID) values (202,to_timestamp('25/07/08 09:22:11.054000000','RR/MM/DD HH24:MI:SSXFF'),to_timestamp('25/07/08 09:22:11.054000000','RR/MM/DD HH24:MI:SSXFF'),to_timestamp('25/09/06 09:22:11.040000000','RR/MM/DD HH24:MI:SSXFF'),0,'f9ac555b-e394-4623-adb2-e8bdabb8474f',202);
Insert into SCOTT.REFRESH_TOKEN (TOKEN_ID,CREATED_AT,UPDATED_AT,EXPIRY_DT,REFRESH_COUNT,TOKEN,USER_DEVICE_ID) values (203,to_timestamp('25/07/08 09:23:12.713000000','RR/MM/DD HH24:MI:SSXFF'),to_timestamp('25/07/08 09:23:12.713000000','RR/MM/DD HH24:MI:SSXFF'),to_timestamp('25/09/06 09:23:12.713000000','RR/MM/DD HH24:MI:SSXFF'),0,'83176269-87fd-481f-9d1c-56facc99730b',203);
Insert into SCOTT.REFRESH_TOKEN (TOKEN_ID,CREATED_AT,UPDATED_AT,EXPIRY_DT,REFRESH_COUNT,TOKEN,USER_DEVICE_ID) values (204,to_timestamp('25/07/08 09:23:53.300000000','RR/MM/DD HH24:MI:SSXFF'),to_timestamp('25/07/08 09:23:53.300000000','RR/MM/DD HH24:MI:SSXFF'),to_timestamp('25/09/06 09:23:53.299000000','RR/MM/DD HH24:MI:SSXFF'),0,'02344079-9b0a-423c-857e-beb70cd905a5',204);
Insert into SCOTT.REFRESH_TOKEN (TOKEN_ID,CREATED_AT,UPDATED_AT,EXPIRY_DT,REFRESH_COUNT,TOKEN,USER_DEVICE_ID) values (205,to_timestamp('25/07/08 09:23:59.360000000','RR/MM/DD HH24:MI:SSXFF'),to_timestamp('25/07/08 09:23:59.360000000','RR/MM/DD HH24:MI:SSXFF'),to_timestamp('25/09/06 09:23:59.359000000','RR/MM/DD HH24:MI:SSXFF'),0,'b229d7d5-032e-43bc-805f-30c2368e49e7',205);
Insert into SCOTT.REFRESH_TOKEN (TOKEN_ID,CREATED_AT,UPDATED_AT,EXPIRY_DT,REFRESH_COUNT,TOKEN,USER_DEVICE_ID) values (206,to_timestamp('25/07/08 09:24:05.885000000','RR/MM/DD HH24:MI:SSXFF'),to_timestamp('25/07/08 09:24:05.885000000','RR/MM/DD HH24:MI:SSXFF'),to_timestamp('25/09/06 09:24:05.884000000','RR/MM/DD HH24:MI:SSXFF'),0,'9f3cd168-e9f2-49c6-83ca-c9939cbd51bf',206);
Insert into SCOTT.REFRESH_TOKEN (TOKEN_ID,CREATED_AT,UPDATED_AT,EXPIRY_DT,REFRESH_COUNT,TOKEN,USER_DEVICE_ID) values (207,to_timestamp('25/07/08 09:24:23.825000000','RR/MM/DD HH24:MI:SSXFF'),to_timestamp('25/07/08 09:24:23.825000000','RR/MM/DD HH24:MI:SSXFF'),to_timestamp('25/09/06 09:24:23.824000000','RR/MM/DD HH24:MI:SSXFF'),0,'76337c52-4306-4f1e-b81b-a8c0a570cf9d',207);
Insert into SCOTT.REFRESH_TOKEN (TOKEN_ID,CREATED_AT,UPDATED_AT,EXPIRY_DT,REFRESH_COUNT,TOKEN,USER_DEVICE_ID) values (208,to_timestamp('25/07/08 09:24:38.012000000','RR/MM/DD HH24:MI:SSXFF'),to_timestamp('25/07/08 09:24:38.012000000','RR/MM/DD HH24:MI:SSXFF'),to_timestamp('25/09/06 09:24:38.008000000','RR/MM/DD HH24:MI:SSXFF'),0,'0385c3b1-bf10-4e84-a4b5-0ea3b55d2d8b',208);
Insert into SCOTT.REFRESH_TOKEN (TOKEN_ID,CREATED_AT,UPDATED_AT,EXPIRY_DT,REFRESH_COUNT,TOKEN,USER_DEVICE_ID) values (209,to_timestamp('25/07/08 09:24:52.608000000','RR/MM/DD HH24:MI:SSXFF'),to_timestamp('25/07/08 09:24:52.608000000','RR/MM/DD HH24:MI:SSXFF'),to_timestamp('25/09/06 09:24:52.607000000','RR/MM/DD HH24:MI:SSXFF'),0,'27cf8d3e-6d00-41d1-bb9c-aacd8872801b',209);
Insert into SCOTT.REFRESH_TOKEN (TOKEN_ID,CREATED_AT,UPDATED_AT,EXPIRY_DT,REFRESH_COUNT,TOKEN,USER_DEVICE_ID) values (210,to_timestamp('25/07/08 09:25:09.139000000','RR/MM/DD HH24:MI:SSXFF'),to_timestamp('25/07/08 09:25:09.139000000','RR/MM/DD HH24:MI:SSXFF'),to_timestamp('25/09/06 09:25:09.135000000','RR/MM/DD HH24:MI:SSXFF'),0,'484df33c-969b-42d7-9c57-767652e849be',210);
Insert into SCOTT.REFRESH_TOKEN (TOKEN_ID,CREATED_AT,UPDATED_AT,EXPIRY_DT,REFRESH_COUNT,TOKEN,USER_DEVICE_ID) values (211,to_timestamp('25/07/08 09:25:47.111000000','RR/MM/DD HH24:MI:SSXFF'),to_timestamp('25/07/08 09:25:47.111000000','RR/MM/DD HH24:MI:SSXFF'),to_timestamp('25/09/06 09:25:47.111000000','RR/MM/DD HH24:MI:SSXFF'),0,'9f41b220-9e02-4935-91ed-c414e4517606',211);
Insert into SCOTT.REFRESH_TOKEN (TOKEN_ID,CREATED_AT,UPDATED_AT,EXPIRY_DT,REFRESH_COUNT,TOKEN,USER_DEVICE_ID) values (212,to_timestamp('25/07/08 09:26:43.101000000','RR/MM/DD HH24:MI:SSXFF'),to_timestamp('25/07/08 09:26:43.101000000','RR/MM/DD HH24:MI:SSXFF'),to_timestamp('25/09/06 09:26:43.101000000','RR/MM/DD HH24:MI:SSXFF'),0,'b057e232-9117-4c67-a9b9-98b4b6de9281',212);
Insert into SCOTT.REFRESH_TOKEN (TOKEN_ID,CREATED_AT,UPDATED_AT,EXPIRY_DT,REFRESH_COUNT,TOKEN,USER_DEVICE_ID) values (213,to_timestamp('25/07/08 09:27:34.859000000','RR/MM/DD HH24:MI:SSXFF'),to_timestamp('25/07/08 09:27:34.859000000','RR/MM/DD HH24:MI:SSXFF'),to_timestamp('25/09/06 09:27:34.858000000','RR/MM/DD HH24:MI:SSXFF'),0,'20c3a66f-0a83-4d3b-bc6b-737a17838aa2',213);
Insert into SCOTT.REFRESH_TOKEN (TOKEN_ID,CREATED_AT,UPDATED_AT,EXPIRY_DT,REFRESH_COUNT,TOKEN,USER_DEVICE_ID) values (214,to_timestamp('25/07/08 12:04:59.016000000','RR/MM/DD HH24:MI:SSXFF'),to_timestamp('25/07/08 12:04:59.016000000','RR/MM/DD HH24:MI:SSXFF'),to_timestamp('25/09/06 12:04:59.002000000','RR/MM/DD HH24:MI:SSXFF'),0,'1fb57f3d-b65e-44cb-a27e-2d481d800f80',214);
Insert into SCOTT.REFRESH_TOKEN (TOKEN_ID,CREATED_AT,UPDATED_AT,EXPIRY_DT,REFRESH_COUNT,TOKEN,USER_DEVICE_ID) values (215,to_timestamp('25/07/08 12:47:24.970000000','RR/MM/DD HH24:MI:SSXFF'),to_timestamp('25/07/08 12:47:24.970000000','RR/MM/DD HH24:MI:SSXFF'),to_timestamp('25/09/06 12:47:24.960000000','RR/MM/DD HH24:MI:SSXFF'),0,'9030f50a-ea3b-4cd1-bd94-4ba6d0b08908',215);
Insert into SCOTT.REFRESH_TOKEN (TOKEN_ID,CREATED_AT,UPDATED_AT,EXPIRY_DT,REFRESH_COUNT,TOKEN,USER_DEVICE_ID) values (221,to_timestamp('25/07/08 15:48:06.082000000','RR/MM/DD HH24:MI:SSXFF'),to_timestamp('25/07/08 15:48:06.082000000','RR/MM/DD HH24:MI:SSXFF'),to_timestamp('25/09/06 15:48:06.070000000','RR/MM/DD HH24:MI:SSXFF'),0,'4837e331-0744-4bc6-bbc6-490f5134af98',221);
Insert into SCOTT.REFRESH_TOKEN (TOKEN_ID,CREATED_AT,UPDATED_AT,EXPIRY_DT,REFRESH_COUNT,TOKEN,USER_DEVICE_ID) values (222,to_timestamp('25/07/08 15:48:12.244000000','RR/MM/DD HH24:MI:SSXFF'),to_timestamp('25/07/08 15:48:12.244000000','RR/MM/DD HH24:MI:SSXFF'),to_timestamp('25/09/06 15:48:12.244000000','RR/MM/DD HH24:MI:SSXFF'),0,'a4e65f92-72fc-4cd7-a440-968b092032db',222);
Insert into SCOTT.REFRESH_TOKEN (TOKEN_ID,CREATED_AT,UPDATED_AT,EXPIRY_DT,REFRESH_COUNT,TOKEN,USER_DEVICE_ID) values (223,to_timestamp('25/07/08 16:01:01.641000000','RR/MM/DD HH24:MI:SSXFF'),to_timestamp('25/07/08 16:01:01.641000000','RR/MM/DD HH24:MI:SSXFF'),to_timestamp('25/09/06 16:01:01.579000000','RR/MM/DD HH24:MI:SSXFF'),0,'8b9d36a7-2963-4b94-a516-7787d7eb6b95',223);
Insert into SCOTT.REFRESH_TOKEN (TOKEN_ID,CREATED_AT,UPDATED_AT,EXPIRY_DT,REFRESH_COUNT,TOKEN,USER_DEVICE_ID) values (224,to_timestamp('25/07/08 16:07:26.591000000','RR/MM/DD HH24:MI:SSXFF'),to_timestamp('25/07/08 16:07:26.591000000','RR/MM/DD HH24:MI:SSXFF'),to_timestamp('25/09/06 16:07:26.590000000','RR/MM/DD HH24:MI:SSXFF'),0,'70ac1e5d-d2d1-46a8-aaa4-9684606b7ef3',224);
Insert into SCOTT.REFRESH_TOKEN (TOKEN_ID,CREATED_AT,UPDATED_AT,EXPIRY_DT,REFRESH_COUNT,TOKEN,USER_DEVICE_ID) values (225,to_timestamp('25/07/08 17:04:26.507000000','RR/MM/DD HH24:MI:SSXFF'),to_timestamp('25/07/08 17:04:26.507000000','RR/MM/DD HH24:MI:SSXFF'),to_timestamp('25/09/06 17:04:26.489000000','RR/MM/DD HH24:MI:SSXFF'),0,'40eee8f3-bae7-4402-baa8-2ba37170ee0f',225);
Insert into SCOTT.REFRESH_TOKEN (TOKEN_ID,CREATED_AT,UPDATED_AT,EXPIRY_DT,REFRESH_COUNT,TOKEN,USER_DEVICE_ID) values (232,to_timestamp('25/07/08 17:23:33.291000000','RR/MM/DD HH24:MI:SSXFF'),to_timestamp('25/07/08 17:23:33.291000000','RR/MM/DD HH24:MI:SSXFF'),to_timestamp('25/09/06 17:23:33.278000000','RR/MM/DD HH24:MI:SSXFF'),0,'14d4e7c5-7595-4b12-b75e-0864059566d5',232);
Insert into SCOTT.REFRESH_TOKEN (TOKEN_ID,CREATED_AT,UPDATED_AT,EXPIRY_DT,REFRESH_COUNT,TOKEN,USER_DEVICE_ID) values (238,to_timestamp('25/07/09 10:47:09.743000000','RR/MM/DD HH24:MI:SSXFF'),to_timestamp('25/07/09 10:47:09.743000000','RR/MM/DD HH24:MI:SSXFF'),to_timestamp('25/09/07 10:47:09.743000000','RR/MM/DD HH24:MI:SSXFF'),0,'b3e89aa7-5485-48bd-af76-0920e560938a',238);
Insert into SCOTT.REFRESH_TOKEN (TOKEN_ID,CREATED_AT,UPDATED_AT,EXPIRY_DT,REFRESH_COUNT,TOKEN,USER_DEVICE_ID) values (241,to_timestamp('25/07/09 10:52:03.382000000','RR/MM/DD HH24:MI:SSXFF'),to_timestamp('25/07/09 10:52:03.382000000','RR/MM/DD HH24:MI:SSXFF'),to_timestamp('25/09/07 10:52:03.381000000','RR/MM/DD HH24:MI:SSXFF'),0,'7055b93c-ee85-4223-9452-1ca13aaad28e',241);
REM INSERTING into SCOTT.REVIEW
SET DEFINE OFF;
Insert into SCOTT.REVIEW (REVIEW_ID,USER_NAME,GAME_ID,RATING,CONTENT,CREATED_AT,UPDATED_AT) values (13,'kimdo',3498,5,'GTA는 역시 짱이야!',to_timestamp('25/06/27 23:43:35.608000000','RR/MM/DD HH24:MI:SSXFF'),to_timestamp('25/06/27 23:43:35.608000000','RR/MM/DD HH24:MI:SSXFF'));
Insert into SCOTT.REVIEW (REVIEW_ID,USER_NAME,GAME_ID,RATING,CONTENT,CREATED_AT,UPDATED_AT) values (25,'kimdo',989033,5,'그만할래,,ㅡㅡㅜㅜ',to_timestamp('25/07/01 16:33:59.510000000','RR/MM/DD HH24:MI:SSXFF'),to_timestamp('25/07/01 16:33:59.510000000','RR/MM/DD HH24:MI:SSXFF'));
Insert into SCOTT.REVIEW (REVIEW_ID,USER_NAME,GAME_ID,RATING,CONTENT,CREATED_AT,UPDATED_AT) values (12,'kimdo',3328,4,'테스트입니다245rwfrghjgiio 1412',to_timestamp('25/06/27 23:06:10.558000000','RR/MM/DD HH24:MI:SSXFF'),to_timestamp('25/07/01 16:32:02.593000000','RR/MM/DD HH24:MI:SSXFF'));
Insert into SCOTT.REVIEW (REVIEW_ID,USER_NAME,GAME_ID,RATING,CONTENT,CREATED_AT,UPDATED_AT) values (30,'kimdo',41700,5,'fgh',to_timestamp('25/07/02 15:27:53.378000000','RR/MM/DD HH24:MI:SSXFF'),to_timestamp('25/07/02 15:27:53.378000000','RR/MM/DD HH24:MI:SSXFF'));
Insert into SCOTT.REVIEW (REVIEW_ID,USER_NAME,GAME_ID,RATING,CONTENT,CREATED_AT,UPDATED_AT) values (21,'kimdo',4291,5,'test34',to_timestamp('25/07/01 09:26:22.535000000','RR/MM/DD HH24:MI:SSXFF'),to_timestamp('25/07/01 15:32:27.818000000','RR/MM/DD HH24:MI:SSXFF'));
Insert into SCOTT.REVIEW (REVIEW_ID,USER_NAME,GAME_ID,RATING,CONTENT,CREATED_AT,UPDATED_AT) values (23,'kimdo',12020,2,'ㅏㅣ;ㅣㅏ',to_timestamp('25/07/01 13:36:28.414000000','RR/MM/DD HH24:MI:SSXFF'),to_timestamp('25/07/01 13:36:31.319000000','RR/MM/DD HH24:MI:SSXFF'));
Insert into SCOTT.REVIEW (REVIEW_ID,USER_NAME,GAME_ID,RATING,CONTENT,CREATED_AT,UPDATED_AT) values (22,'kimdo',19103,5,'ㄹㅇㅎㄹㅇ호ㅓㅗㅎ',to_timestamp('25/07/01 13:35:37.692000000','RR/MM/DD HH24:MI:SSXFF'),to_timestamp('25/07/01 13:36:01.894000000','RR/MM/DD HH24:MI:SSXFF'));
Insert into SCOTT.REVIEW (REVIEW_ID,USER_NAME,GAME_ID,RATING,CONTENT,CREATED_AT,UPDATED_AT) values (14,'kimdo',13536,5,'리뷰테스트 2',to_timestamp('25/06/28 02:12:25.584000000','RR/MM/DD HH24:MI:SSXFF'),to_timestamp('25/06/28 02:15:19.999000000','RR/MM/DD HH24:MI:SSXFF'));
REM INSERTING into SCOTT.ROLE
SET DEFINE OFF;
Insert into SCOTT.ROLE (ROLE_ID,ROLE_NAME) values (1,'ROLE_SYSTEM');
Insert into SCOTT.ROLE (ROLE_ID,ROLE_NAME) values (2,'ROLE_ADMIN');
Insert into SCOTT.ROLE (ROLE_ID,ROLE_NAME) values (3,'ROLE_USER');
REM INSERTING into SCOTT.USER_AUTHORITY
SET DEFINE OFF;
Insert into SCOTT.USER_AUTHORITY (USER_ID,ROLE_ID) values (1,1);
Insert into SCOTT.USER_AUTHORITY (USER_ID,ROLE_ID) values (1,2);
Insert into SCOTT.USER_AUTHORITY (USER_ID,ROLE_ID) values (1,3);
Insert into SCOTT.USER_AUTHORITY (USER_ID,ROLE_ID) values (2,1);
Insert into SCOTT.USER_AUTHORITY (USER_ID,ROLE_ID) values (2,2);
Insert into SCOTT.USER_AUTHORITY (USER_ID,ROLE_ID) values (2,3);
Insert into SCOTT.USER_AUTHORITY (USER_ID,ROLE_ID) values (21,1);
Insert into SCOTT.USER_AUTHORITY (USER_ID,ROLE_ID) values (22,1);
Insert into SCOTT.USER_AUTHORITY (USER_ID,ROLE_ID) values (23,3);
Insert into SCOTT.USER_AUTHORITY (USER_ID,ROLE_ID) values (24,3);
Insert into SCOTT.USER_AUTHORITY (USER_ID,ROLE_ID) values (42,2);
Insert into SCOTT.USER_AUTHORITY (USER_ID,ROLE_ID) values (44,1);
Insert into SCOTT.USER_AUTHORITY (USER_ID,ROLE_ID) values (45,3);
Insert into SCOTT.USER_AUTHORITY (USER_ID,ROLE_ID) values (46,3);
Insert into SCOTT.USER_AUTHORITY (USER_ID,ROLE_ID) values (47,1);
Insert into SCOTT.USER_AUTHORITY (USER_ID,ROLE_ID) values (48,3);
Insert into SCOTT.USER_AUTHORITY (USER_ID,ROLE_ID) values (49,3);
Insert into SCOTT.USER_AUTHORITY (USER_ID,ROLE_ID) values (61,2);
Insert into SCOTT.USER_AUTHORITY (USER_ID,ROLE_ID) values (62,3);
Insert into SCOTT.USER_AUTHORITY (USER_ID,ROLE_ID) values (63,3);
Insert into SCOTT.USER_AUTHORITY (USER_ID,ROLE_ID) values (64,1);
Insert into SCOTT.USER_AUTHORITY (USER_ID,ROLE_ID) values (65,1);
Insert into SCOTT.USER_AUTHORITY (USER_ID,ROLE_ID) values (66,3);
Insert into SCOTT.USER_AUTHORITY (USER_ID,ROLE_ID) values (67,3);
Insert into SCOTT.USER_AUTHORITY (USER_ID,ROLE_ID) values (68,3);
REM INSERTING into SCOTT.USER_DEVICE
SET DEFINE OFF;
Insert into SCOTT.USER_DEVICE (USER_DEVICE_ID,CREATED_AT,UPDATED_AT,DEVICE_ID,DEVICE_TYPE,IS_REFRESH_ACTIVE,NOTIFICATION_TOKEN,USER_ID) values (57,to_timestamp('25/06/25 10:14:50.354000000','RR/MM/DD HH24:MI:SSXFF'),to_timestamp('25/06/25 10:14:50.354000000','RR/MM/DD HH24:MI:SSXFF'),'8b51a6fa-a324-4e5c-aa16-92a1adbe2450','DEVICE_TYPE_WINDOWS',1,'6e35d555-c064-47c3-b1a0-bcfc499cc660',1);
Insert into SCOTT.USER_DEVICE (USER_DEVICE_ID,CREATED_AT,UPDATED_AT,DEVICE_ID,DEVICE_TYPE,IS_REFRESH_ACTIVE,NOTIFICATION_TOKEN,USER_ID) values (67,to_timestamp('25/06/26 17:24:59.364000000','RR/MM/DD HH24:MI:SSXFF'),to_timestamp('25/06/26 17:24:59.364000000','RR/MM/DD HH24:MI:SSXFF'),'62634df7-de39-4292-af0d-19837d7cb86b','DEVICE_TYPE_MACOS',1,'6addf30a-e09b-487c-a0ef-b05bb6978479',1);
Insert into SCOTT.USER_DEVICE (USER_DEVICE_ID,CREATED_AT,UPDATED_AT,DEVICE_ID,DEVICE_TYPE,IS_REFRESH_ACTIVE,NOTIFICATION_TOKEN,USER_ID) values (74,to_timestamp('25/06/27 15:14:47.612000000','RR/MM/DD HH24:MI:SSXFF'),to_timestamp('25/06/27 15:14:47.612000000','RR/MM/DD HH24:MI:SSXFF'),'fa903e23-3d31-4e47-9638-3eb00bcfb529','DEVICE_TYPE_WINDOWS',1,'be8b3766-aecc-4f0d-84c4-23d7c3a69d2f',1);
Insert into SCOTT.USER_DEVICE (USER_DEVICE_ID,CREATED_AT,UPDATED_AT,DEVICE_ID,DEVICE_TYPE,IS_REFRESH_ACTIVE,NOTIFICATION_TOKEN,USER_ID) values (77,to_timestamp('25/06/30 11:20:34.210000000','RR/MM/DD HH24:MI:SSXFF'),to_timestamp('25/06/30 11:20:34.210000000','RR/MM/DD HH24:MI:SSXFF'),'3100a4c8-ba06-42ae-8a1f-8fb317615c22','DEVICE_TYPE_WINDOWS',1,'568119c7-d2b0-4eee-881c-05fb67541785',1);
Insert into SCOTT.USER_DEVICE (USER_DEVICE_ID,CREATED_AT,UPDATED_AT,DEVICE_ID,DEVICE_TYPE,IS_REFRESH_ACTIVE,NOTIFICATION_TOKEN,USER_ID) values (91,to_timestamp('25/07/01 15:19:10.804000000','RR/MM/DD HH24:MI:SSXFF'),to_timestamp('25/07/01 15:19:10.804000000','RR/MM/DD HH24:MI:SSXFF'),'8f595275-f51a-443f-9f0b-f84fecc15e3d','DEVICE_TYPE_MACOS',1,'f888c1de-f19e-4fe3-9eae-4919c5ba5029',1);
Insert into SCOTT.USER_DEVICE (USER_DEVICE_ID,CREATED_AT,UPDATED_AT,DEVICE_ID,DEVICE_TYPE,IS_REFRESH_ACTIVE,NOTIFICATION_TOKEN,USER_ID) values (111,to_timestamp('25/07/02 17:11:24.002000000','RR/MM/DD HH24:MI:SSXFF'),to_timestamp('25/07/02 17:11:24.002000000','RR/MM/DD HH24:MI:SSXFF'),'36cac1c7-22ee-43de-9380-59c8856073fa','DEVICE_TYPE_WINDOWS',1,'ea858f3c-0475-49f9-8f0e-a8fc7b9a15f0',1);
Insert into SCOTT.USER_DEVICE (USER_DEVICE_ID,CREATED_AT,UPDATED_AT,DEVICE_ID,DEVICE_TYPE,IS_REFRESH_ACTIVE,NOTIFICATION_TOKEN,USER_ID) values (112,to_timestamp('25/07/02 17:13:35.535000000','RR/MM/DD HH24:MI:SSXFF'),to_timestamp('25/07/02 17:13:35.535000000','RR/MM/DD HH24:MI:SSXFF'),'cde02736-b5b9-4e9f-8077-cff1c6b0c27b','DEVICE_TYPE_WINDOWS',1,'326f68a9-c979-499e-a75a-1d7b923c7f3f',1);
Insert into SCOTT.USER_DEVICE (USER_DEVICE_ID,CREATED_AT,UPDATED_AT,DEVICE_ID,DEVICE_TYPE,IS_REFRESH_ACTIVE,NOTIFICATION_TOKEN,USER_ID) values (118,to_timestamp('25/07/03 12:10:14.466000000','RR/MM/DD HH24:MI:SSXFF'),to_timestamp('25/07/03 12:10:14.466000000','RR/MM/DD HH24:MI:SSXFF'),'713a2aa0-b14b-425c-b797-be8b35c7e2fc','DEVICE_TYPE_WINDOWS',1,'0b3bef26-8827-4557-bf6b-ebcd1e725c7e',1);
Insert into SCOTT.USER_DEVICE (USER_DEVICE_ID,CREATED_AT,UPDATED_AT,DEVICE_ID,DEVICE_TYPE,IS_REFRESH_ACTIVE,NOTIFICATION_TOKEN,USER_ID) values (120,to_timestamp('25/07/03 15:10:35.668000000','RR/MM/DD HH24:MI:SSXFF'),to_timestamp('25/07/03 15:10:35.668000000','RR/MM/DD HH24:MI:SSXFF'),'e7522063-fb00-4674-a8df-004ee6b36fcc','DEVICE_TYPE_WINDOWS',1,'afab6c28-fd9b-4ce2-bb24-3c5e2ee94263',1);
Insert into SCOTT.USER_DEVICE (USER_DEVICE_ID,CREATED_AT,UPDATED_AT,DEVICE_ID,DEVICE_TYPE,IS_REFRESH_ACTIVE,NOTIFICATION_TOKEN,USER_ID) values (141,to_timestamp('25/07/04 14:34:49.613000000','RR/MM/DD HH24:MI:SSXFF'),to_timestamp('25/07/04 14:34:49.613000000','RR/MM/DD HH24:MI:SSXFF'),'b7a299f5-7fcc-4caa-9299-f8e6312c0ab8','DEVICE_TYPE_MACOS',1,'2d11a09a-1ace-4d41-a6bc-6dea032fb607',1);
Insert into SCOTT.USER_DEVICE (USER_DEVICE_ID,CREATED_AT,UPDATED_AT,DEVICE_ID,DEVICE_TYPE,IS_REFRESH_ACTIVE,NOTIFICATION_TOKEN,USER_ID) values (169,to_timestamp('25/07/07 12:35:01.481000000','RR/MM/DD HH24:MI:SSXFF'),to_timestamp('25/07/07 12:35:01.481000000','RR/MM/DD HH24:MI:SSXFF'),'18051f97-4cf4-4bee-b9c8-b6f53e0f8259','DEVICE_TYPE_MACOS',1,'0486ebd2-6193-4be3-ab23-263a74a25f2c',1);
Insert into SCOTT.USER_DEVICE (USER_DEVICE_ID,CREATED_AT,UPDATED_AT,DEVICE_ID,DEVICE_TYPE,IS_REFRESH_ACTIVE,NOTIFICATION_TOKEN,USER_ID) values (181,to_timestamp('25/07/07 13:16:35.035000000','RR/MM/DD HH24:MI:SSXFF'),to_timestamp('25/07/07 13:16:35.035000000','RR/MM/DD HH24:MI:SSXFF'),'082adc00-0d19-4aac-b4b9-2ce3ff3af86a','DEVICE_TYPE_MACOS',1,'7fa28615-7b83-4813-89ee-3d1d7f9f506e',1);
Insert into SCOTT.USER_DEVICE (USER_DEVICE_ID,CREATED_AT,UPDATED_AT,DEVICE_ID,DEVICE_TYPE,IS_REFRESH_ACTIVE,NOTIFICATION_TOKEN,USER_ID) values (219,to_timestamp('25/07/08 15:35:57.705000000','RR/MM/DD HH24:MI:SSXFF'),to_timestamp('25/07/08 15:35:57.705000000','RR/MM/DD HH24:MI:SSXFF'),'93e7778a-94ca-422c-826b-8977305f72e3','DEVICE_TYPE_MACOS',1,'ec2ec24b-eb97-4eaf-8920-772d2c42be71',49);
Insert into SCOTT.USER_DEVICE (USER_DEVICE_ID,CREATED_AT,UPDATED_AT,DEVICE_ID,DEVICE_TYPE,IS_REFRESH_ACTIVE,NOTIFICATION_TOKEN,USER_ID) values (220,to_timestamp('25/07/08 15:36:23.741000000','RR/MM/DD HH24:MI:SSXFF'),to_timestamp('25/07/08 15:36:23.741000000','RR/MM/DD HH24:MI:SSXFF'),'96b255c9-5f70-4b95-a875-4328494c05d7','DEVICE_TYPE_MACOS',1,'e5e9f857-0bf7-4b49-b841-a9cc848fb2dc',1);
Insert into SCOTT.USER_DEVICE (USER_DEVICE_ID,CREATED_AT,UPDATED_AT,DEVICE_ID,DEVICE_TYPE,IS_REFRESH_ACTIVE,NOTIFICATION_TOKEN,USER_ID) values (51,to_timestamp('25/06/24 17:14:48.111000000','RR/MM/DD HH24:MI:SSXFF'),to_timestamp('25/06/24 17:14:48.111000000','RR/MM/DD HH24:MI:SSXFF'),'c253a4da-ead9-4f80-a6c9-352db0e14947','DEVICE_TYPE_WINDOWS',1,'8fe4d285-5e4a-4075-a470-9053bcb80a75',1);
Insert into SCOTT.USER_DEVICE (USER_DEVICE_ID,CREATED_AT,UPDATED_AT,DEVICE_ID,DEVICE_TYPE,IS_REFRESH_ACTIVE,NOTIFICATION_TOKEN,USER_ID) values (6,to_timestamp('25/06/17 12:28:17.841000000','RR/MM/DD HH24:MI:SSXFF'),to_timestamp('25/06/17 12:28:17.841000000','RR/MM/DD HH24:MI:SSXFF'),'a','DEVICE_TYPE_WINDOWS',1,'a',1);
Insert into SCOTT.USER_DEVICE (USER_DEVICE_ID,CREATED_AT,UPDATED_AT,DEVICE_ID,DEVICE_TYPE,IS_REFRESH_ACTIVE,NOTIFICATION_TOKEN,USER_ID) values (23,to_timestamp('25/06/23 14:36:41.319000000','RR/MM/DD HH24:MI:SSXFF'),to_timestamp('25/06/23 14:36:41.319000000','RR/MM/DD HH24:MI:SSXFF'),'ad39f43c-e6b2-479b-8132-2a5e00101c60','DEVICE_TYPE_WINDOWS',1,'089f6a96-a768-4e52-a48f-5cce908eacee',1);
Insert into SCOTT.USER_DEVICE (USER_DEVICE_ID,CREATED_AT,UPDATED_AT,DEVICE_ID,DEVICE_TYPE,IS_REFRESH_ACTIVE,NOTIFICATION_TOKEN,USER_ID) values (61,to_timestamp('25/06/25 13:36:41.659000000','RR/MM/DD HH24:MI:SSXFF'),to_timestamp('25/06/25 13:36:41.659000000','RR/MM/DD HH24:MI:SSXFF'),'5206cf48-ee39-4b09-aa90-b9e70d45d21f','DEVICE_TYPE_WINDOWS',1,'5023bf3b-191c-40ed-86ca-2686c8d882d7',1);
Insert into SCOTT.USER_DEVICE (USER_DEVICE_ID,CREATED_AT,UPDATED_AT,DEVICE_ID,DEVICE_TYPE,IS_REFRESH_ACTIVE,NOTIFICATION_TOKEN,USER_ID) values (66,to_timestamp('25/06/26 17:13:53.530000000','RR/MM/DD HH24:MI:SSXFF'),to_timestamp('25/06/26 17:13:53.530000000','RR/MM/DD HH24:MI:SSXFF'),'0c329ad1-0362-4121-aa3d-6368af1ed224','DEVICE_TYPE_WINDOWS',1,'75065d48-93d1-457e-9e46-b2082e52ff8f',1);
Insert into SCOTT.USER_DEVICE (USER_DEVICE_ID,CREATED_AT,UPDATED_AT,DEVICE_ID,DEVICE_TYPE,IS_REFRESH_ACTIVE,NOTIFICATION_TOKEN,USER_ID) values (87,to_timestamp('25/07/01 09:37:23.719000000','RR/MM/DD HH24:MI:SSXFF'),to_timestamp('25/07/01 09:37:23.719000000','RR/MM/DD HH24:MI:SSXFF'),'70d1135f-e446-4d2c-bf6e-45e42c9a0a9a','DEVICE_TYPE_WINDOWS',1,'e8f8d7f2-af28-4f42-99dc-fd3c1f375b14',1);
Insert into SCOTT.USER_DEVICE (USER_DEVICE_ID,CREATED_AT,UPDATED_AT,DEVICE_ID,DEVICE_TYPE,IS_REFRESH_ACTIVE,NOTIFICATION_TOKEN,USER_ID) values (75,to_timestamp('25/06/27 22:35:50.544000000','RR/MM/DD HH24:MI:SSXFF'),to_timestamp('25/06/27 22:35:50.544000000','RR/MM/DD HH24:MI:SSXFF'),'22356672-6b5c-4445-bc2b-f7860fcb8b0f','DEVICE_TYPE_WINDOWS',1,'facc6070-72aa-44c2-a847-3f36f9d0316e',1);
Insert into SCOTT.USER_DEVICE (USER_DEVICE_ID,CREATED_AT,UPDATED_AT,DEVICE_ID,DEVICE_TYPE,IS_REFRESH_ACTIVE,NOTIFICATION_TOKEN,USER_ID) values (80,to_timestamp('25/06/30 15:21:27.931000000','RR/MM/DD HH24:MI:SSXFF'),to_timestamp('25/06/30 15:21:27.931000000','RR/MM/DD HH24:MI:SSXFF'),'9634a31e-105f-46c0-873f-cc973a4cf141','DEVICE_TYPE_WINDOWS',1,'86290f50-1f41-4166-8266-fe0b8075c29e',1);
Insert into SCOTT.USER_DEVICE (USER_DEVICE_ID,CREATED_AT,UPDATED_AT,DEVICE_ID,DEVICE_TYPE,IS_REFRESH_ACTIVE,NOTIFICATION_TOKEN,USER_ID) values (93,to_timestamp('25/07/01 16:33:19.752000000','RR/MM/DD HH24:MI:SSXFF'),to_timestamp('25/07/01 16:33:19.752000000','RR/MM/DD HH24:MI:SSXFF'),'349fdec9-a1bd-4499-90ef-38bf086be62e','DEVICE_TYPE_WINDOWS',1,'80bd0d61-8e0a-438f-945d-b40fd90d146a',1);
Insert into SCOTT.USER_DEVICE (USER_DEVICE_ID,CREATED_AT,UPDATED_AT,DEVICE_ID,DEVICE_TYPE,IS_REFRESH_ACTIVE,NOTIFICATION_TOKEN,USER_ID) values (94,to_timestamp('25/07/02 12:43:46.552000000','RR/MM/DD HH24:MI:SSXFF'),to_timestamp('25/07/02 12:43:46.552000000','RR/MM/DD HH24:MI:SSXFF'),'b818a2d0-3bba-4ac1-8694-cccce999712c','DEVICE_TYPE_WINDOWS',1,'3552bc24-21f2-4a9e-beeb-996f2e860cdf',1);
Insert into SCOTT.USER_DEVICE (USER_DEVICE_ID,CREATED_AT,UPDATED_AT,DEVICE_ID,DEVICE_TYPE,IS_REFRESH_ACTIVE,NOTIFICATION_TOKEN,USER_ID) values (95,to_timestamp('25/07/02 14:43:10.037000000','RR/MM/DD HH24:MI:SSXFF'),to_timestamp('25/07/02 14:43:10.037000000','RR/MM/DD HH24:MI:SSXFF'),'def4d689-a89b-45c4-8ec9-476dd8feb2b0','DEVICE_TYPE_MACOS',1,'52e3a863-5af0-4107-abdc-33159de64f02',1);
Insert into SCOTT.USER_DEVICE (USER_DEVICE_ID,CREATED_AT,UPDATED_AT,DEVICE_ID,DEVICE_TYPE,IS_REFRESH_ACTIVE,NOTIFICATION_TOKEN,USER_ID) values (96,to_timestamp('25/07/02 14:44:23.625000000','RR/MM/DD HH24:MI:SSXFF'),to_timestamp('25/07/02 14:44:23.625000000','RR/MM/DD HH24:MI:SSXFF'),'c47621ca-d4d6-49fc-880d-6f28a760669b','DEVICE_TYPE_MACOS',1,'86427496-d479-45d2-8a01-199b9f5547d4',1);
Insert into SCOTT.USER_DEVICE (USER_DEVICE_ID,CREATED_AT,UPDATED_AT,DEVICE_ID,DEVICE_TYPE,IS_REFRESH_ACTIVE,NOTIFICATION_TOKEN,USER_ID) values (115,to_timestamp('25/07/02 18:10:14.115000000','RR/MM/DD HH24:MI:SSXFF'),to_timestamp('25/07/02 18:10:14.115000000','RR/MM/DD HH24:MI:SSXFF'),'08a7b230-a3fe-44de-9b51-371bef140f6b','DEVICE_TYPE_WINDOWS',1,'2e129bd7-ca94-4a32-9fdf-a885474b32f2',1);
Insert into SCOTT.USER_DEVICE (USER_DEVICE_ID,CREATED_AT,UPDATED_AT,DEVICE_ID,DEVICE_TYPE,IS_REFRESH_ACTIVE,NOTIFICATION_TOKEN,USER_ID) values (132,to_timestamp('25/07/03 17:18:53.638000000','RR/MM/DD HH24:MI:SSXFF'),to_timestamp('25/07/03 17:18:53.638000000','RR/MM/DD HH24:MI:SSXFF'),'d7073b1f-50ea-456f-9281-143ef30b8a15','DEVICE_TYPE_MACOS',1,'2de87901-c4c2-4e03-bf77-2a7129d4fae5',1);
Insert into SCOTT.USER_DEVICE (USER_DEVICE_ID,CREATED_AT,UPDATED_AT,DEVICE_ID,DEVICE_TYPE,IS_REFRESH_ACTIVE,NOTIFICATION_TOKEN,USER_ID) values (133,to_timestamp('25/07/03 17:19:46.089000000','RR/MM/DD HH24:MI:SSXFF'),to_timestamp('25/07/03 17:19:46.089000000','RR/MM/DD HH24:MI:SSXFF'),'38938804-b490-46d4-bbc3-f6892ec8b62f','DEVICE_TYPE_MACOS',1,'583ce23c-a529-4180-b366-4c30db425d7e',49);
Insert into SCOTT.USER_DEVICE (USER_DEVICE_ID,CREATED_AT,UPDATED_AT,DEVICE_ID,DEVICE_TYPE,IS_REFRESH_ACTIVE,NOTIFICATION_TOKEN,USER_ID) values (134,to_timestamp('25/07/03 17:26:07.213000000','RR/MM/DD HH24:MI:SSXFF'),to_timestamp('25/07/03 17:26:07.213000000','RR/MM/DD HH24:MI:SSXFF'),'95cb1944-63eb-4ce6-9dbd-b9af10e69d6d','DEVICE_TYPE_MACOS',1,'40496ea7-a0e9-4c81-98b4-a8395ee44f7e',49);
Insert into SCOTT.USER_DEVICE (USER_DEVICE_ID,CREATED_AT,UPDATED_AT,DEVICE_ID,DEVICE_TYPE,IS_REFRESH_ACTIVE,NOTIFICATION_TOKEN,USER_ID) values (135,to_timestamp('25/07/03 17:26:13.723000000','RR/MM/DD HH24:MI:SSXFF'),to_timestamp('25/07/03 17:26:13.723000000','RR/MM/DD HH24:MI:SSXFF'),'4af6a673-87fa-4b65-9c55-0e835aa93ea5','DEVICE_TYPE_MACOS',1,'b9ee48f9-7074-46cb-acb9-7d8c3e14c3e9',49);
Insert into SCOTT.USER_DEVICE (USER_DEVICE_ID,CREATED_AT,UPDATED_AT,DEVICE_ID,DEVICE_TYPE,IS_REFRESH_ACTIVE,NOTIFICATION_TOKEN,USER_ID) values (144,to_timestamp('25/07/04 16:34:48.936000000','RR/MM/DD HH24:MI:SSXFF'),to_timestamp('25/07/04 16:34:48.936000000','RR/MM/DD HH24:MI:SSXFF'),'4595db8e-7b33-461b-9027-dd93d62e5f14','DEVICE_TYPE_MACOS',1,'dc79b5c7-0025-4b7a-9f0a-23ff51f46bda',49);
Insert into SCOTT.USER_DEVICE (USER_DEVICE_ID,CREATED_AT,UPDATED_AT,DEVICE_ID,DEVICE_TYPE,IS_REFRESH_ACTIVE,NOTIFICATION_TOKEN,USER_ID) values (186,to_timestamp('25/07/07 13:38:30.044000000','RR/MM/DD HH24:MI:SSXFF'),to_timestamp('25/07/07 13:38:30.044000000','RR/MM/DD HH24:MI:SSXFF'),'f02b233d-bc76-4f4f-b593-4579d4ef3dd4','DEVICE_TYPE_MACOS',1,'760e633b-d427-4ca0-803d-a663e524830a',62);
Insert into SCOTT.USER_DEVICE (USER_DEVICE_ID,CREATED_AT,UPDATED_AT,DEVICE_ID,DEVICE_TYPE,IS_REFRESH_ACTIVE,NOTIFICATION_TOKEN,USER_ID) values (187,to_timestamp('25/07/07 13:46:30.607000000','RR/MM/DD HH24:MI:SSXFF'),to_timestamp('25/07/07 13:46:30.607000000','RR/MM/DD HH24:MI:SSXFF'),'11a48a63-2ad0-417b-af50-5e4dfe9ef2a4','DEVICE_TYPE_MACOS',1,'b3f99846-aedf-4ad6-aa29-9088fdbf4c48',61);
Insert into SCOTT.USER_DEVICE (USER_DEVICE_ID,CREATED_AT,UPDATED_AT,DEVICE_ID,DEVICE_TYPE,IS_REFRESH_ACTIVE,NOTIFICATION_TOKEN,USER_ID) values (188,to_timestamp('25/07/07 13:47:07.969000000','RR/MM/DD HH24:MI:SSXFF'),to_timestamp('25/07/07 13:47:07.969000000','RR/MM/DD HH24:MI:SSXFF'),'7da3a50a-0649-4b11-bd21-35591cfc4548','DEVICE_TYPE_MACOS',1,'19b9784e-4364-47c7-8b21-8faebbfa9e46',61);
Insert into SCOTT.USER_DEVICE (USER_DEVICE_ID,CREATED_AT,UPDATED_AT,DEVICE_ID,DEVICE_TYPE,IS_REFRESH_ACTIVE,NOTIFICATION_TOKEN,USER_ID) values (189,to_timestamp('25/07/07 13:48:55.667000000','RR/MM/DD HH24:MI:SSXFF'),to_timestamp('25/07/07 13:48:55.667000000','RR/MM/DD HH24:MI:SSXFF'),'6be50f3f-a1f6-4edd-9499-fcc571ee32e7','DEVICE_TYPE_MACOS',1,'0455b7c1-3673-45bf-90da-ce28423b771d',62);
Insert into SCOTT.USER_DEVICE (USER_DEVICE_ID,CREATED_AT,UPDATED_AT,DEVICE_ID,DEVICE_TYPE,IS_REFRESH_ACTIVE,NOTIFICATION_TOKEN,USER_ID) values (190,to_timestamp('25/07/07 13:49:57.415000000','RR/MM/DD HH24:MI:SSXFF'),to_timestamp('25/07/07 13:49:57.415000000','RR/MM/DD HH24:MI:SSXFF'),'06f66030-84f5-4e4b-9413-db3fcab8c2f1','DEVICE_TYPE_MACOS',1,'b2711b62-05ac-4f51-a544-4b414fcb6f61',61);
Insert into SCOTT.USER_DEVICE (USER_DEVICE_ID,CREATED_AT,UPDATED_AT,DEVICE_ID,DEVICE_TYPE,IS_REFRESH_ACTIVE,NOTIFICATION_TOKEN,USER_ID) values (191,to_timestamp('25/07/07 13:54:32.042000000','RR/MM/DD HH24:MI:SSXFF'),to_timestamp('25/07/07 13:54:32.042000000','RR/MM/DD HH24:MI:SSXFF'),'79e9a9e8-a620-49d3-9b82-64b2831ef3fc','DEVICE_TYPE_MACOS',1,'f648fd25-3848-4dd8-9953-dad2e5058db4',61);
Insert into SCOTT.USER_DEVICE (USER_DEVICE_ID,CREATED_AT,UPDATED_AT,DEVICE_ID,DEVICE_TYPE,IS_REFRESH_ACTIVE,NOTIFICATION_TOKEN,USER_ID) values (233,to_timestamp('25/07/08 17:44:41.442000000','RR/MM/DD HH24:MI:SSXFF'),to_timestamp('25/07/08 17:44:41.442000000','RR/MM/DD HH24:MI:SSXFF'),'d43ea417-1e0d-4ee8-b845-6378fbda8448','DEVICE_TYPE_WINDOWS',1,'f338caec-8e59-4f05-b2fd-e42ab09714e6',44);
Insert into SCOTT.USER_DEVICE (USER_DEVICE_ID,CREATED_AT,UPDATED_AT,DEVICE_ID,DEVICE_TYPE,IS_REFRESH_ACTIVE,NOTIFICATION_TOKEN,USER_ID) values (234,to_timestamp('25/07/09 09:44:44.956000000','RR/MM/DD HH24:MI:SSXFF'),to_timestamp('25/07/09 09:44:44.956000000','RR/MM/DD HH24:MI:SSXFF'),'04993ac8-e555-4505-81e7-1f37b14d2daa','DEVICE_TYPE_MACOS',1,'975d90f8-ffa4-4e4d-9f41-601ef971b9f9',61);
Insert into SCOTT.USER_DEVICE (USER_DEVICE_ID,CREATED_AT,UPDATED_AT,DEVICE_ID,DEVICE_TYPE,IS_REFRESH_ACTIVE,NOTIFICATION_TOKEN,USER_ID) values (21,to_timestamp('25/06/23 14:08:11.560000000','RR/MM/DD HH24:MI:SSXFF'),to_timestamp('25/06/23 14:08:11.560000000','RR/MM/DD HH24:MI:SSXFF'),'59f849d1-2938-4ecc-9139-0ca9c6b8669b','DEVICE_TYPE_WINDOWS',1,'3d5a3ca4-243a-48ea-8984-4344f0082b13',1);
Insert into SCOTT.USER_DEVICE (USER_DEVICE_ID,CREATED_AT,UPDATED_AT,DEVICE_ID,DEVICE_TYPE,IS_REFRESH_ACTIVE,NOTIFICATION_TOKEN,USER_ID) values (22,to_timestamp('25/06/23 14:36:23.700000000','RR/MM/DD HH24:MI:SSXFF'),to_timestamp('25/06/23 14:36:23.700000000','RR/MM/DD HH24:MI:SSXFF'),'c9bf6cea-d270-4c8b-82c8-64ffc7774256','DEVICE_TYPE_WINDOWS',1,'96619217-0f62-4f00-b512-137905801ef4',1);
Insert into SCOTT.USER_DEVICE (USER_DEVICE_ID,CREATED_AT,UPDATED_AT,DEVICE_ID,DEVICE_TYPE,IS_REFRESH_ACTIVE,NOTIFICATION_TOKEN,USER_ID) values (24,to_timestamp('25/06/23 15:08:13.234000000','RR/MM/DD HH24:MI:SSXFF'),to_timestamp('25/06/23 15:08:13.234000000','RR/MM/DD HH24:MI:SSXFF'),'f74c39b4-b83e-4af1-bb92-42f71876aabc','DEVICE_TYPE_WINDOWS',1,'d0631241-eff9-4a9b-930c-9fd1712c044e',1);
Insert into SCOTT.USER_DEVICE (USER_DEVICE_ID,CREATED_AT,UPDATED_AT,DEVICE_ID,DEVICE_TYPE,IS_REFRESH_ACTIVE,NOTIFICATION_TOKEN,USER_ID) values (25,to_timestamp('25/06/23 15:11:59.342000000','RR/MM/DD HH24:MI:SSXFF'),to_timestamp('25/06/23 15:11:59.342000000','RR/MM/DD HH24:MI:SSXFF'),'77911add-7520-423f-a093-9542730118c4','DEVICE_TYPE_WINDOWS',1,'d2818d35-763b-4762-a143-6c5190fba086',1);
Insert into SCOTT.USER_DEVICE (USER_DEVICE_ID,CREATED_AT,UPDATED_AT,DEVICE_ID,DEVICE_TYPE,IS_REFRESH_ACTIVE,NOTIFICATION_TOKEN,USER_ID) values (26,to_timestamp('25/06/23 15:17:51.425000000','RR/MM/DD HH24:MI:SSXFF'),to_timestamp('25/06/23 15:17:51.425000000','RR/MM/DD HH24:MI:SSXFF'),'e022ec40-b632-497c-87af-598f0cf91017','DEVICE_TYPE_WINDOWS',1,'6e53712c-5bf1-4080-a058-7d1545f33402',1);
Insert into SCOTT.USER_DEVICE (USER_DEVICE_ID,CREATED_AT,UPDATED_AT,DEVICE_ID,DEVICE_TYPE,IS_REFRESH_ACTIVE,NOTIFICATION_TOKEN,USER_ID) values (27,to_timestamp('25/06/23 15:22:42.014000000','RR/MM/DD HH24:MI:SSXFF'),to_timestamp('25/06/23 15:22:42.014000000','RR/MM/DD HH24:MI:SSXFF'),'ab0be36b-70a9-4af3-a89b-bdeba46fc09a','DEVICE_TYPE_WINDOWS',1,'2694a9a1-b903-4cdf-8c87-6c85d3a46125',1);
Insert into SCOTT.USER_DEVICE (USER_DEVICE_ID,CREATED_AT,UPDATED_AT,DEVICE_ID,DEVICE_TYPE,IS_REFRESH_ACTIVE,NOTIFICATION_TOKEN,USER_ID) values (28,to_timestamp('25/06/23 16:01:12.477000000','RR/MM/DD HH24:MI:SSXFF'),to_timestamp('25/06/23 16:01:12.477000000','RR/MM/DD HH24:MI:SSXFF'),'e0f72993-9d8f-49a9-a28e-746446c7c9e8','DEVICE_TYPE_WINDOWS',1,'50a54fc5-cf85-4199-8a4a-0fb9085005a0',1);
Insert into SCOTT.USER_DEVICE (USER_DEVICE_ID,CREATED_AT,UPDATED_AT,DEVICE_ID,DEVICE_TYPE,IS_REFRESH_ACTIVE,NOTIFICATION_TOKEN,USER_ID) values (29,to_timestamp('25/06/23 16:12:55.129000000','RR/MM/DD HH24:MI:SSXFF'),to_timestamp('25/06/23 16:12:55.129000000','RR/MM/DD HH24:MI:SSXFF'),'ec10aab9-e8bf-42b9-9e16-897644adf824','DEVICE_TYPE_WINDOWS',1,'da4c9245-21f9-4a22-803f-294ccb6cdc21',1);
Insert into SCOTT.USER_DEVICE (USER_DEVICE_ID,CREATED_AT,UPDATED_AT,DEVICE_ID,DEVICE_TYPE,IS_REFRESH_ACTIVE,NOTIFICATION_TOKEN,USER_ID) values (30,to_timestamp('25/06/23 16:13:22.461000000','RR/MM/DD HH24:MI:SSXFF'),to_timestamp('25/06/23 16:13:22.461000000','RR/MM/DD HH24:MI:SSXFF'),'a4bc8bd2-df53-44ea-bdb5-eb63e3bb292a','DEVICE_TYPE_WINDOWS',1,'3e1df250-fb62-4c57-a309-57e63df83e45',1);
Insert into SCOTT.USER_DEVICE (USER_DEVICE_ID,CREATED_AT,UPDATED_AT,DEVICE_ID,DEVICE_TYPE,IS_REFRESH_ACTIVE,NOTIFICATION_TOKEN,USER_ID) values (31,to_timestamp('25/06/23 16:16:56.354000000','RR/MM/DD HH24:MI:SSXFF'),to_timestamp('25/06/23 16:16:56.354000000','RR/MM/DD HH24:MI:SSXFF'),'5d5d375b-bf26-4922-a668-d89095039660','DEVICE_TYPE_WINDOWS',1,'412ba115-94d6-43e9-b3b0-0ea93c73e430',1);
Insert into SCOTT.USER_DEVICE (USER_DEVICE_ID,CREATED_AT,UPDATED_AT,DEVICE_ID,DEVICE_TYPE,IS_REFRESH_ACTIVE,NOTIFICATION_TOKEN,USER_ID) values (32,to_timestamp('25/06/23 16:17:14.838000000','RR/MM/DD HH24:MI:SSXFF'),to_timestamp('25/06/23 16:17:14.838000000','RR/MM/DD HH24:MI:SSXFF'),'7d6402a0-0a38-41bd-86f8-2175aebfd835','DEVICE_TYPE_WINDOWS',1,'0ccb4ecf-8471-40c3-abda-34d678583a4c',1);
Insert into SCOTT.USER_DEVICE (USER_DEVICE_ID,CREATED_AT,UPDATED_AT,DEVICE_ID,DEVICE_TYPE,IS_REFRESH_ACTIVE,NOTIFICATION_TOKEN,USER_ID) values (33,to_timestamp('25/06/23 16:17:31.551000000','RR/MM/DD HH24:MI:SSXFF'),to_timestamp('25/06/23 16:17:31.551000000','RR/MM/DD HH24:MI:SSXFF'),'08c06de9-1d94-4e87-9f18-9d045738e77c','DEVICE_TYPE_WINDOWS',1,'0272e17f-cf4b-4dd9-96f4-1fa6e6018366',1);
Insert into SCOTT.USER_DEVICE (USER_DEVICE_ID,CREATED_AT,UPDATED_AT,DEVICE_ID,DEVICE_TYPE,IS_REFRESH_ACTIVE,NOTIFICATION_TOKEN,USER_ID) values (34,to_timestamp('25/06/23 16:18:02.778000000','RR/MM/DD HH24:MI:SSXFF'),to_timestamp('25/06/23 16:18:02.778000000','RR/MM/DD HH24:MI:SSXFF'),'20a23f7f-628b-4cf0-a5d1-a4e066530f82','DEVICE_TYPE_WINDOWS',1,'4fe3a30c-e1ae-4557-8ecc-2a1f170ee0b2',1);
Insert into SCOTT.USER_DEVICE (USER_DEVICE_ID,CREATED_AT,UPDATED_AT,DEVICE_ID,DEVICE_TYPE,IS_REFRESH_ACTIVE,NOTIFICATION_TOKEN,USER_ID) values (35,to_timestamp('25/06/23 16:18:47.245000000','RR/MM/DD HH24:MI:SSXFF'),to_timestamp('25/06/23 16:18:47.245000000','RR/MM/DD HH24:MI:SSXFF'),'602f438d-00bb-4ad7-a5ad-c8630f63f39b','DEVICE_TYPE_WINDOWS',1,'a0187ce1-0d0b-420d-8873-b195ccd73ce4',1);
Insert into SCOTT.USER_DEVICE (USER_DEVICE_ID,CREATED_AT,UPDATED_AT,DEVICE_ID,DEVICE_TYPE,IS_REFRESH_ACTIVE,NOTIFICATION_TOKEN,USER_ID) values (36,to_timestamp('25/06/23 16:19:45.870000000','RR/MM/DD HH24:MI:SSXFF'),to_timestamp('25/06/23 16:19:45.870000000','RR/MM/DD HH24:MI:SSXFF'),'4fc7b27e-f972-4206-be31-51a9fc3ae2d3','DEVICE_TYPE_WINDOWS',1,'f063bcd8-8077-43db-88e0-5a2f92ea0fce',1);
Insert into SCOTT.USER_DEVICE (USER_DEVICE_ID,CREATED_AT,UPDATED_AT,DEVICE_ID,DEVICE_TYPE,IS_REFRESH_ACTIVE,NOTIFICATION_TOKEN,USER_ID) values (37,to_timestamp('25/06/24 15:17:45.852000000','RR/MM/DD HH24:MI:SSXFF'),to_timestamp('25/06/24 15:17:45.852000000','RR/MM/DD HH24:MI:SSXFF'),'31f0de1e-2220-49b7-ba84-0d69eb6e2536','DEVICE_TYPE_WINDOWS',1,'94af4463-235a-47d7-88bb-a9df7310e798',1);
Insert into SCOTT.USER_DEVICE (USER_DEVICE_ID,CREATED_AT,UPDATED_AT,DEVICE_ID,DEVICE_TYPE,IS_REFRESH_ACTIVE,NOTIFICATION_TOKEN,USER_ID) values (38,to_timestamp('25/06/24 15:18:04.732000000','RR/MM/DD HH24:MI:SSXFF'),to_timestamp('25/06/24 15:18:04.732000000','RR/MM/DD HH24:MI:SSXFF'),'4fbe9257-f914-4b9b-ab2c-4bcff1c8f411','DEVICE_TYPE_WINDOWS',1,'a41cce0c-ca12-4448-a240-46e82c41f713',1);
Insert into SCOTT.USER_DEVICE (USER_DEVICE_ID,CREATED_AT,UPDATED_AT,DEVICE_ID,DEVICE_TYPE,IS_REFRESH_ACTIVE,NOTIFICATION_TOKEN,USER_ID) values (39,to_timestamp('25/06/24 15:24:44.375000000','RR/MM/DD HH24:MI:SSXFF'),to_timestamp('25/06/24 15:24:44.375000000','RR/MM/DD HH24:MI:SSXFF'),'35ab6119-5b47-40fb-9cff-147bc2b455b5','DEVICE_TYPE_WINDOWS',1,'69a03db1-1311-4d1f-85d5-5dd3408bd927',1);
Insert into SCOTT.USER_DEVICE (USER_DEVICE_ID,CREATED_AT,UPDATED_AT,DEVICE_ID,DEVICE_TYPE,IS_REFRESH_ACTIVE,NOTIFICATION_TOKEN,USER_ID) values (40,to_timestamp('25/06/24 15:40:40.153000000','RR/MM/DD HH24:MI:SSXFF'),to_timestamp('25/06/24 15:40:40.153000000','RR/MM/DD HH24:MI:SSXFF'),'071ac7fd-3423-4c4f-998e-310a833c7eb1','DEVICE_TYPE_WINDOWS',1,'3a826f6e-4c5b-421b-8fea-27d00ed92084',1);
Insert into SCOTT.USER_DEVICE (USER_DEVICE_ID,CREATED_AT,UPDATED_AT,DEVICE_ID,DEVICE_TYPE,IS_REFRESH_ACTIVE,NOTIFICATION_TOKEN,USER_ID) values (41,to_timestamp('25/06/24 15:42:24.782000000','RR/MM/DD HH24:MI:SSXFF'),to_timestamp('25/06/24 15:42:24.782000000','RR/MM/DD HH24:MI:SSXFF'),'0025cd64-d5aa-45f2-9152-92e646d0b5b6','DEVICE_TYPE_WINDOWS',1,'a9495710-9f9a-43f4-9a1e-fef37950f34c',1);
Insert into SCOTT.USER_DEVICE (USER_DEVICE_ID,CREATED_AT,UPDATED_AT,DEVICE_ID,DEVICE_TYPE,IS_REFRESH_ACTIVE,NOTIFICATION_TOKEN,USER_ID) values (42,to_timestamp('25/06/24 15:43:30.441000000','RR/MM/DD HH24:MI:SSXFF'),to_timestamp('25/06/24 15:43:30.441000000','RR/MM/DD HH24:MI:SSXFF'),'da2a1ed5-cce3-4f09-a4c9-af46f4a53a59','DEVICE_TYPE_WINDOWS',1,'1df474d0-9f22-47d8-a63a-d3437884914b',1);
Insert into SCOTT.USER_DEVICE (USER_DEVICE_ID,CREATED_AT,UPDATED_AT,DEVICE_ID,DEVICE_TYPE,IS_REFRESH_ACTIVE,NOTIFICATION_TOKEN,USER_ID) values (43,to_timestamp('25/06/24 15:45:09.801000000','RR/MM/DD HH24:MI:SSXFF'),to_timestamp('25/06/24 15:45:09.801000000','RR/MM/DD HH24:MI:SSXFF'),'2ac3937c-c9d7-4d92-aefe-49aa7b1e2aba','DEVICE_TYPE_WINDOWS',1,'403ec4bc-811f-4c48-ad3e-a10d4692edff',1);
Insert into SCOTT.USER_DEVICE (USER_DEVICE_ID,CREATED_AT,UPDATED_AT,DEVICE_ID,DEVICE_TYPE,IS_REFRESH_ACTIVE,NOTIFICATION_TOKEN,USER_ID) values (49,to_timestamp('25/06/24 16:35:35.330000000','RR/MM/DD HH24:MI:SSXFF'),to_timestamp('25/06/24 16:35:35.330000000','RR/MM/DD HH24:MI:SSXFF'),'38e13e32-2c48-45af-a186-7eabdedf3c56','DEVICE_TYPE_MACOS',1,'7c8451a5-8713-403b-ae93-1c63f8481d8d',1);
Insert into SCOTT.USER_DEVICE (USER_DEVICE_ID,CREATED_AT,UPDATED_AT,DEVICE_ID,DEVICE_TYPE,IS_REFRESH_ACTIVE,NOTIFICATION_TOKEN,USER_ID) values (58,to_timestamp('25/06/25 12:39:53.683000000','RR/MM/DD HH24:MI:SSXFF'),to_timestamp('25/06/25 12:39:53.683000000','RR/MM/DD HH24:MI:SSXFF'),'4ab6a1ab-e4ef-42bf-9a6e-137b30af0fe9','DEVICE_TYPE_WINDOWS',1,'a6165eb3-6e0a-4c0c-a08a-05a0b93994a4',1);
Insert into SCOTT.USER_DEVICE (USER_DEVICE_ID,CREATED_AT,UPDATED_AT,DEVICE_ID,DEVICE_TYPE,IS_REFRESH_ACTIVE,NOTIFICATION_TOKEN,USER_ID) values (59,to_timestamp('25/06/25 12:43:15.549000000','RR/MM/DD HH24:MI:SSXFF'),to_timestamp('25/06/25 12:43:15.549000000','RR/MM/DD HH24:MI:SSXFF'),'c7892878-16dd-42b5-88af-9589b5850824','DEVICE_TYPE_WINDOWS',1,'b0180f0f-ee30-485f-8d44-6e230f27c553',1);
Insert into SCOTT.USER_DEVICE (USER_DEVICE_ID,CREATED_AT,UPDATED_AT,DEVICE_ID,DEVICE_TYPE,IS_REFRESH_ACTIVE,NOTIFICATION_TOKEN,USER_ID) values (62,to_timestamp('25/06/25 13:36:41.659000000','RR/MM/DD HH24:MI:SSXFF'),to_timestamp('25/06/25 13:36:41.659000000','RR/MM/DD HH24:MI:SSXFF'),'5206cf48-ee39-4b09-aa90-b9e70d45d21f','DEVICE_TYPE_WINDOWS',1,'5023bf3b-191c-40ed-86ca-2686c8d882d7',1);
Insert into SCOTT.USER_DEVICE (USER_DEVICE_ID,CREATED_AT,UPDATED_AT,DEVICE_ID,DEVICE_TYPE,IS_REFRESH_ACTIVE,NOTIFICATION_TOKEN,USER_ID) values (63,to_timestamp('25/06/25 15:02:02.717000000','RR/MM/DD HH24:MI:SSXFF'),to_timestamp('25/06/25 15:02:02.717000000','RR/MM/DD HH24:MI:SSXFF'),'c841b059-7b52-4eb4-88d7-147dd89e2720','DEVICE_TYPE_WINDOWS',1,'3410b1a7-b0b5-43b3-81b0-07b24c1fd615',1);
Insert into SCOTT.USER_DEVICE (USER_DEVICE_ID,CREATED_AT,UPDATED_AT,DEVICE_ID,DEVICE_TYPE,IS_REFRESH_ACTIVE,NOTIFICATION_TOKEN,USER_ID) values (68,to_timestamp('25/06/26 17:24:59.424000000','RR/MM/DD HH24:MI:SSXFF'),to_timestamp('25/06/26 17:24:59.424000000','RR/MM/DD HH24:MI:SSXFF'),'62634df7-de39-4292-af0d-19837d7cb86b','DEVICE_TYPE_MACOS',1,'6addf30a-e09b-487c-a0ef-b05bb6978479',1);
Insert into SCOTT.USER_DEVICE (USER_DEVICE_ID,CREATED_AT,UPDATED_AT,DEVICE_ID,DEVICE_TYPE,IS_REFRESH_ACTIVE,NOTIFICATION_TOKEN,USER_ID) values (70,to_timestamp('25/06/26 17:40:27.895000000','RR/MM/DD HH24:MI:SSXFF'),to_timestamp('25/06/26 17:40:27.895000000','RR/MM/DD HH24:MI:SSXFF'),'6040b793-a951-46c1-a6c5-b2099a1e96dd','DEVICE_TYPE_WINDOWS',1,'c26674af-e2d4-416f-a181-39e90e65c88f',1);
Insert into SCOTT.USER_DEVICE (USER_DEVICE_ID,CREATED_AT,UPDATED_AT,DEVICE_ID,DEVICE_TYPE,IS_REFRESH_ACTIVE,NOTIFICATION_TOKEN,USER_ID) values (73,to_timestamp('25/06/27 14:55:58.054000000','RR/MM/DD HH24:MI:SSXFF'),to_timestamp('25/06/27 14:55:58.054000000','RR/MM/DD HH24:MI:SSXFF'),'77533543-9fc9-431f-b7ab-90b90e543317','DEVICE_TYPE_WINDOWS',1,'13c9a1b6-c936-4585-8038-f6a28c06caaa',1);
Insert into SCOTT.USER_DEVICE (USER_DEVICE_ID,CREATED_AT,UPDATED_AT,DEVICE_ID,DEVICE_TYPE,IS_REFRESH_ACTIVE,NOTIFICATION_TOKEN,USER_ID) values (82,to_timestamp('25/06/30 15:51:22.360000000','RR/MM/DD HH24:MI:SSXFF'),to_timestamp('25/06/30 15:51:22.360000000','RR/MM/DD HH24:MI:SSXFF'),'c2fd9805-fe0a-4153-9aa3-bd792e907943','DEVICE_TYPE_WINDOWS',1,'54964ed1-ab46-4737-9f24-d574ab626acd',1);
Insert into SCOTT.USER_DEVICE (USER_DEVICE_ID,CREATED_AT,UPDATED_AT,DEVICE_ID,DEVICE_TYPE,IS_REFRESH_ACTIVE,NOTIFICATION_TOKEN,USER_ID) values (83,to_timestamp('25/06/30 16:25:43.980000000','RR/MM/DD HH24:MI:SSXFF'),to_timestamp('25/06/30 16:25:43.980000000','RR/MM/DD HH24:MI:SSXFF'),'8e4a7c76-c804-403d-a3ab-f46ab9cc3d5e','DEVICE_TYPE_WINDOWS',1,'b0058ace-f90d-4d54-a486-76b16d7603bd',1);
Insert into SCOTT.USER_DEVICE (USER_DEVICE_ID,CREATED_AT,UPDATED_AT,DEVICE_ID,DEVICE_TYPE,IS_REFRESH_ACTIVE,NOTIFICATION_TOKEN,USER_ID) values (84,to_timestamp('25/06/30 16:26:43.609000000','RR/MM/DD HH24:MI:SSXFF'),to_timestamp('25/06/30 16:26:43.609000000','RR/MM/DD HH24:MI:SSXFF'),'660e9626-7d30-4e75-85c8-582714e9c4be','DEVICE_TYPE_WINDOWS',1,'5124defd-8fb8-4e1d-bf4d-49104a941f65',1);
Insert into SCOTT.USER_DEVICE (USER_DEVICE_ID,CREATED_AT,UPDATED_AT,DEVICE_ID,DEVICE_TYPE,IS_REFRESH_ACTIVE,NOTIFICATION_TOKEN,USER_ID) values (85,to_timestamp('25/06/30 16:27:29.530000000','RR/MM/DD HH24:MI:SSXFF'),to_timestamp('25/06/30 16:27:29.530000000','RR/MM/DD HH24:MI:SSXFF'),'f2f43581-d59f-4c97-9d97-f9e4bb3a73f9','DEVICE_TYPE_WINDOWS',1,'884bd43a-af78-4d5b-bb67-8a24c8898477',1);
Insert into SCOTT.USER_DEVICE (USER_DEVICE_ID,CREATED_AT,UPDATED_AT,DEVICE_ID,DEVICE_TYPE,IS_REFRESH_ACTIVE,NOTIFICATION_TOKEN,USER_ID) values (86,to_timestamp('25/07/01 09:26:13.904000000','RR/MM/DD HH24:MI:SSXFF'),to_timestamp('25/07/01 09:26:13.904000000','RR/MM/DD HH24:MI:SSXFF'),'599c1940-9f10-4092-b7a3-6d7b993b64c1','DEVICE_TYPE_WINDOWS',1,'a914753e-3713-475e-ae02-acc3933c36a0',1);
Insert into SCOTT.USER_DEVICE (USER_DEVICE_ID,CREATED_AT,UPDATED_AT,DEVICE_ID,DEVICE_TYPE,IS_REFRESH_ACTIVE,NOTIFICATION_TOKEN,USER_ID) values (109,to_timestamp('25/07/02 17:02:21.869000000','RR/MM/DD HH24:MI:SSXFF'),to_timestamp('25/07/02 17:02:21.869000000','RR/MM/DD HH24:MI:SSXFF'),'e8c17023-1ce5-46be-8e04-6adbd072915e','DEVICE_TYPE_WINDOWS',1,'73c9eca5-8632-46cd-8cb3-f008d343f32d',1);
Insert into SCOTT.USER_DEVICE (USER_DEVICE_ID,CREATED_AT,UPDATED_AT,DEVICE_ID,DEVICE_TYPE,IS_REFRESH_ACTIVE,NOTIFICATION_TOKEN,USER_ID) values (110,to_timestamp('25/07/02 17:02:46.052000000','RR/MM/DD HH24:MI:SSXFF'),to_timestamp('25/07/02 17:02:46.052000000','RR/MM/DD HH24:MI:SSXFF'),'2ed9698a-6e72-40b4-89e4-6ef2c586f292','DEVICE_TYPE_WINDOWS',1,'2a4f89b2-0a06-4e72-bb92-d5f47424dd68',1);
Insert into SCOTT.USER_DEVICE (USER_DEVICE_ID,CREATED_AT,UPDATED_AT,DEVICE_ID,DEVICE_TYPE,IS_REFRESH_ACTIVE,NOTIFICATION_TOKEN,USER_ID) values (119,to_timestamp('25/07/03 14:46:22.473000000','RR/MM/DD HH24:MI:SSXFF'),to_timestamp('25/07/03 14:46:22.473000000','RR/MM/DD HH24:MI:SSXFF'),'60cda10d-6149-446e-b5be-10b18240580c','DEVICE_TYPE_WINDOWS',1,'610ac4f4-4458-42a6-af2d-e1c1e73dbd88',1);
Insert into SCOTT.USER_DEVICE (USER_DEVICE_ID,CREATED_AT,UPDATED_AT,DEVICE_ID,DEVICE_TYPE,IS_REFRESH_ACTIVE,NOTIFICATION_TOKEN,USER_ID) values (121,to_timestamp('25/07/03 15:16:04.535000000','RR/MM/DD HH24:MI:SSXFF'),to_timestamp('25/07/03 15:16:04.535000000','RR/MM/DD HH24:MI:SSXFF'),'8882f1ae-e277-4336-83a0-004b1c578d0f','DEVICE_TYPE_WINDOWS',1,'cb724268-dc04-4328-ab8a-6c48fa2a5197',1);
Insert into SCOTT.USER_DEVICE (USER_DEVICE_ID,CREATED_AT,UPDATED_AT,DEVICE_ID,DEVICE_TYPE,IS_REFRESH_ACTIVE,NOTIFICATION_TOKEN,USER_ID) values (131,to_timestamp('25/07/03 17:10:08.222000000','RR/MM/DD HH24:MI:SSXFF'),to_timestamp('25/07/03 17:10:08.222000000','RR/MM/DD HH24:MI:SSXFF'),'ec433d29-9586-46d5-9829-7434c565ef6a','DEVICE_TYPE_MACOS',1,'cdd20caf-865b-4004-ba78-2632f3213b4c',1);
Insert into SCOTT.USER_DEVICE (USER_DEVICE_ID,CREATED_AT,UPDATED_AT,DEVICE_ID,DEVICE_TYPE,IS_REFRESH_ACTIVE,NOTIFICATION_TOKEN,USER_ID) values (162,to_timestamp('25/07/07 11:46:27.781000000','RR/MM/DD HH24:MI:SSXFF'),to_timestamp('25/07/07 11:46:27.781000000','RR/MM/DD HH24:MI:SSXFF'),'14930327-6eb9-4d3a-acd9-01fe7eb24568','DEVICE_TYPE_WINDOWS',1,'5b649a77-2026-4c2b-a849-d2d3d0aa979e',1);
Insert into SCOTT.USER_DEVICE (USER_DEVICE_ID,CREATED_AT,UPDATED_AT,DEVICE_ID,DEVICE_TYPE,IS_REFRESH_ACTIVE,NOTIFICATION_TOKEN,USER_ID) values (216,to_timestamp('25/07/08 13:32:41.074000000','RR/MM/DD HH24:MI:SSXFF'),to_timestamp('25/07/08 13:32:41.074000000','RR/MM/DD HH24:MI:SSXFF'),'fa478681-7fe6-4be8-b2ae-23a2fc9eb864','DEVICE_TYPE_MACOS',1,'13c73708-56e4-4145-8b59-51cd8c6bdc38',66);
Insert into SCOTT.USER_DEVICE (USER_DEVICE_ID,CREATED_AT,UPDATED_AT,DEVICE_ID,DEVICE_TYPE,IS_REFRESH_ACTIVE,NOTIFICATION_TOKEN,USER_ID) values (217,to_timestamp('25/07/08 13:32:54.567000000','RR/MM/DD HH24:MI:SSXFF'),to_timestamp('25/07/08 13:32:54.567000000','RR/MM/DD HH24:MI:SSXFF'),'f2dcd367-c5eb-4549-b908-5687ab8bc47f','DEVICE_TYPE_MACOS',1,'948692de-190f-4d02-a293-4914a7f60978',1);
Insert into SCOTT.USER_DEVICE (USER_DEVICE_ID,CREATED_AT,UPDATED_AT,DEVICE_ID,DEVICE_TYPE,IS_REFRESH_ACTIVE,NOTIFICATION_TOKEN,USER_ID) values (235,to_timestamp('25/07/09 10:46:36.506000000','RR/MM/DD HH24:MI:SSXFF'),to_timestamp('25/07/09 10:46:36.506000000','RR/MM/DD HH24:MI:SSXFF'),'e1e69b75-56cd-44fa-9a1b-ab8e32030695','DEVICE_TYPE_MACOS',1,'35d1a138-30cc-4b40-a7f3-9b933f66826a',62);
Insert into SCOTT.USER_DEVICE (USER_DEVICE_ID,CREATED_AT,UPDATED_AT,DEVICE_ID,DEVICE_TYPE,IS_REFRESH_ACTIVE,NOTIFICATION_TOKEN,USER_ID) values (236,to_timestamp('25/07/09 10:46:47.894000000','RR/MM/DD HH24:MI:SSXFF'),to_timestamp('25/07/09 10:46:47.894000000','RR/MM/DD HH24:MI:SSXFF'),'1e381d10-89e5-4de9-8af0-6e1f2a1fd749','DEVICE_TYPE_MACOS',1,'099c40a4-a6c6-4182-b0c4-5be1351e8a08',62);
Insert into SCOTT.USER_DEVICE (USER_DEVICE_ID,CREATED_AT,UPDATED_AT,DEVICE_ID,DEVICE_TYPE,IS_REFRESH_ACTIVE,NOTIFICATION_TOKEN,USER_ID) values (237,to_timestamp('25/07/09 10:46:53.754000000','RR/MM/DD HH24:MI:SSXFF'),to_timestamp('25/07/09 10:46:53.754000000','RR/MM/DD HH24:MI:SSXFF'),'1e6a20c1-4581-4c9b-ab94-d11b2c647781','DEVICE_TYPE_MACOS',1,'ff0fe672-22cb-41a4-a4ce-24ad6a89340f',61);
Insert into SCOTT.USER_DEVICE (USER_DEVICE_ID,CREATED_AT,UPDATED_AT,DEVICE_ID,DEVICE_TYPE,IS_REFRESH_ACTIVE,NOTIFICATION_TOKEN,USER_ID) values (242,to_timestamp('25/07/09 11:59:21.586000000','RR/MM/DD HH24:MI:SSXFF'),to_timestamp('25/07/09 11:59:21.586000000','RR/MM/DD HH24:MI:SSXFF'),'d0782cef-e6c1-453e-bdbd-d55fb73936a3','DEVICE_TYPE_MACOS',1,'b18f9174-ea5f-4ad0-b434-a143fb27697a',61);
Insert into SCOTT.USER_DEVICE (USER_DEVICE_ID,CREATED_AT,UPDATED_AT,DEVICE_ID,DEVICE_TYPE,IS_REFRESH_ACTIVE,NOTIFICATION_TOKEN,USER_ID) values (243,to_timestamp('25/07/09 11:59:32.609000000','RR/MM/DD HH24:MI:SSXFF'),to_timestamp('25/07/09 11:59:32.609000000','RR/MM/DD HH24:MI:SSXFF'),'8ffda250-2702-4e55-9f9b-956ff5ee276c','DEVICE_TYPE_MACOS',1,'14c67dbc-7784-4d5d-a357-297f85cf145b',62);
Insert into SCOTT.USER_DEVICE (USER_DEVICE_ID,CREATED_AT,UPDATED_AT,DEVICE_ID,DEVICE_TYPE,IS_REFRESH_ACTIVE,NOTIFICATION_TOKEN,USER_ID) values (44,to_timestamp('25/06/24 15:47:29.900000000','RR/MM/DD HH24:MI:SSXFF'),to_timestamp('25/06/24 15:47:29.900000000','RR/MM/DD HH24:MI:SSXFF'),'60e266bd-19f7-4038-b2b7-90a4d05cfa53','DEVICE_TYPE_WINDOWS',1,'05677650-654a-430c-ae1f-8c59b50007cb',1);
Insert into SCOTT.USER_DEVICE (USER_DEVICE_ID,CREATED_AT,UPDATED_AT,DEVICE_ID,DEVICE_TYPE,IS_REFRESH_ACTIVE,NOTIFICATION_TOKEN,USER_ID) values (45,to_timestamp('25/06/24 15:48:19.352000000','RR/MM/DD HH24:MI:SSXFF'),to_timestamp('25/06/24 15:48:19.352000000','RR/MM/DD HH24:MI:SSXFF'),'49d92227-ce82-4d1d-bca8-6bb160b047e8','DEVICE_TYPE_WINDOWS',1,'6f0f35c9-32f4-4f0e-b366-ea10e22061e7',1);
Insert into SCOTT.USER_DEVICE (USER_DEVICE_ID,CREATED_AT,UPDATED_AT,DEVICE_ID,DEVICE_TYPE,IS_REFRESH_ACTIVE,NOTIFICATION_TOKEN,USER_ID) values (46,to_timestamp('25/06/24 16:16:23.570000000','RR/MM/DD HH24:MI:SSXFF'),to_timestamp('25/06/24 16:16:23.570000000','RR/MM/DD HH24:MI:SSXFF'),'be5f18aa-232b-48fa-aa65-075c0cf7a252','DEVICE_TYPE_WINDOWS',1,'cbceac4d-e000-49fd-ae3b-42e8e13eee1c',1);
Insert into SCOTT.USER_DEVICE (USER_DEVICE_ID,CREATED_AT,UPDATED_AT,DEVICE_ID,DEVICE_TYPE,IS_REFRESH_ACTIVE,NOTIFICATION_TOKEN,USER_ID) values (47,to_timestamp('25/06/24 16:18:00.698000000','RR/MM/DD HH24:MI:SSXFF'),to_timestamp('25/06/24 16:18:00.698000000','RR/MM/DD HH24:MI:SSXFF'),'d105a564-ce8c-4e8c-a3b1-c97b2e75612c','DEVICE_TYPE_WINDOWS',1,'003f0e0e-bac0-40f0-855b-80447cedb329',1);
Insert into SCOTT.USER_DEVICE (USER_DEVICE_ID,CREATED_AT,UPDATED_AT,DEVICE_ID,DEVICE_TYPE,IS_REFRESH_ACTIVE,NOTIFICATION_TOKEN,USER_ID) values (48,to_timestamp('25/06/24 16:26:56.086000000','RR/MM/DD HH24:MI:SSXFF'),to_timestamp('25/06/24 16:26:56.086000000','RR/MM/DD HH24:MI:SSXFF'),'e8bd6b79-0f76-4522-8a76-ebf002601aa7','DEVICE_TYPE_WINDOWS',1,'9ebfc6de-44a3-4570-a3b2-d0ca50e09a36',1);
Insert into SCOTT.USER_DEVICE (USER_DEVICE_ID,CREATED_AT,UPDATED_AT,DEVICE_ID,DEVICE_TYPE,IS_REFRESH_ACTIVE,NOTIFICATION_TOKEN,USER_ID) values (50,to_timestamp('25/06/24 17:03:34.043000000','RR/MM/DD HH24:MI:SSXFF'),to_timestamp('25/06/24 17:03:34.043000000','RR/MM/DD HH24:MI:SSXFF'),'f7db0481-7a8f-4ebc-b978-fe6655075aaa','DEVICE_TYPE_WINDOWS',1,'afbc3095-adcf-4d28-8898-9fb680aafee4',1);
Insert into SCOTT.USER_DEVICE (USER_DEVICE_ID,CREATED_AT,UPDATED_AT,DEVICE_ID,DEVICE_TYPE,IS_REFRESH_ACTIVE,NOTIFICATION_TOKEN,USER_ID) values (52,to_timestamp('25/06/24 17:20:17.764000000','RR/MM/DD HH24:MI:SSXFF'),to_timestamp('25/06/24 17:20:17.764000000','RR/MM/DD HH24:MI:SSXFF'),'72610ac8-0c31-426e-b770-6b6412a80753','DEVICE_TYPE_WINDOWS',1,'5975b701-9a77-485b-9110-e0fb13329fba',1);
Insert into SCOTT.USER_DEVICE (USER_DEVICE_ID,CREATED_AT,UPDATED_AT,DEVICE_ID,DEVICE_TYPE,IS_REFRESH_ACTIVE,NOTIFICATION_TOKEN,USER_ID) values (53,to_timestamp('25/06/24 18:06:00.093000000','RR/MM/DD HH24:MI:SSXFF'),to_timestamp('25/06/24 18:06:00.093000000','RR/MM/DD HH24:MI:SSXFF'),'123c1eb2-8e69-4f08-8c23-72c28767c2ac','DEVICE_TYPE_WINDOWS',1,'02ef6558-d952-436a-9ec1-09fd4c7833dd',1);
Insert into SCOTT.USER_DEVICE (USER_DEVICE_ID,CREATED_AT,UPDATED_AT,DEVICE_ID,DEVICE_TYPE,IS_REFRESH_ACTIVE,NOTIFICATION_TOKEN,USER_ID) values (54,to_timestamp('25/06/24 18:29:56.453000000','RR/MM/DD HH24:MI:SSXFF'),to_timestamp('25/06/24 18:29:56.453000000','RR/MM/DD HH24:MI:SSXFF'),'0ba301d2-58e0-4c8c-8281-558df1a9578f','DEVICE_TYPE_WINDOWS',1,'25e27d9c-4dd1-4747-aec5-b829a6b90d79',1);
Insert into SCOTT.USER_DEVICE (USER_DEVICE_ID,CREATED_AT,UPDATED_AT,DEVICE_ID,DEVICE_TYPE,IS_REFRESH_ACTIVE,NOTIFICATION_TOKEN,USER_ID) values (55,to_timestamp('25/06/24 18:58:20.028000000','RR/MM/DD HH24:MI:SSXFF'),to_timestamp('25/06/24 18:58:20.028000000','RR/MM/DD HH24:MI:SSXFF'),'ef6553d2-19c0-41ad-b760-977d8d34c2b3','DEVICE_TYPE_WINDOWS',1,'d7bdfdf8-3984-46e2-a3d1-cfa7bb909433',1);
Insert into SCOTT.USER_DEVICE (USER_DEVICE_ID,CREATED_AT,UPDATED_AT,DEVICE_ID,DEVICE_TYPE,IS_REFRESH_ACTIVE,NOTIFICATION_TOKEN,USER_ID) values (56,to_timestamp('25/06/24 19:36:46.673000000','RR/MM/DD HH24:MI:SSXFF'),to_timestamp('25/06/24 19:36:46.673000000','RR/MM/DD HH24:MI:SSXFF'),'6643d9ae-e6d6-49f8-9326-9747d05dac62','DEVICE_TYPE_WINDOWS',1,'46584b49-2d46-4dea-b49f-a5b97d142d84',1);
Insert into SCOTT.USER_DEVICE (USER_DEVICE_ID,CREATED_AT,UPDATED_AT,DEVICE_ID,DEVICE_TYPE,IS_REFRESH_ACTIVE,NOTIFICATION_TOKEN,USER_ID) values (60,to_timestamp('25/06/25 13:36:41.659000000','RR/MM/DD HH24:MI:SSXFF'),to_timestamp('25/06/25 13:36:41.659000000','RR/MM/DD HH24:MI:SSXFF'),'5206cf48-ee39-4b09-aa90-b9e70d45d21f','DEVICE_TYPE_WINDOWS',1,'5023bf3b-191c-40ed-86ca-2686c8d882d7',1);
Insert into SCOTT.USER_DEVICE (USER_DEVICE_ID,CREATED_AT,UPDATED_AT,DEVICE_ID,DEVICE_TYPE,IS_REFRESH_ACTIVE,NOTIFICATION_TOKEN,USER_ID) values (76,to_timestamp('25/06/30 10:41:33.386000000','RR/MM/DD HH24:MI:SSXFF'),to_timestamp('25/06/30 10:41:33.386000000','RR/MM/DD HH24:MI:SSXFF'),'705e4041-25b8-4c1f-89c2-f3f86b45d71e','DEVICE_TYPE_WINDOWS',1,'f588cb69-3351-41e9-a128-e92a3b5dc8cb',1);
Insert into SCOTT.USER_DEVICE (USER_DEVICE_ID,CREATED_AT,UPDATED_AT,DEVICE_ID,DEVICE_TYPE,IS_REFRESH_ACTIVE,NOTIFICATION_TOKEN,USER_ID) values (78,to_timestamp('25/06/30 11:46:18.414000000','RR/MM/DD HH24:MI:SSXFF'),to_timestamp('25/06/30 11:46:18.414000000','RR/MM/DD HH24:MI:SSXFF'),'58797dbf-2d18-42d6-b25e-e3b98f499223','DEVICE_TYPE_WINDOWS',1,'cfd15cc1-26fa-4616-b785-0ea79266edbd',1);
Insert into SCOTT.USER_DEVICE (USER_DEVICE_ID,CREATED_AT,UPDATED_AT,DEVICE_ID,DEVICE_TYPE,IS_REFRESH_ACTIVE,NOTIFICATION_TOKEN,USER_ID) values (81,to_timestamp('25/06/30 15:48:46.712000000','RR/MM/DD HH24:MI:SSXFF'),to_timestamp('25/06/30 15:48:46.712000000','RR/MM/DD HH24:MI:SSXFF'),'6a042775-b054-4880-a2aa-af74fc8ab10a','DEVICE_TYPE_WINDOWS',1,'1a98e570-a4f9-4da1-ba55-4f573786a5bf',1);
Insert into SCOTT.USER_DEVICE (USER_DEVICE_ID,CREATED_AT,UPDATED_AT,DEVICE_ID,DEVICE_TYPE,IS_REFRESH_ACTIVE,NOTIFICATION_TOKEN,USER_ID) values (88,to_timestamp('25/07/01 10:24:38.686000000','RR/MM/DD HH24:MI:SSXFF'),to_timestamp('25/07/01 10:24:38.686000000','RR/MM/DD HH24:MI:SSXFF'),'3e1e2389-5d2d-4f96-abd2-f5772de3f1ca','DEVICE_TYPE_MACOS',1,'1de072d9-9904-4220-974f-aa87dc92916a',1);
Insert into SCOTT.USER_DEVICE (USER_DEVICE_ID,CREATED_AT,UPDATED_AT,DEVICE_ID,DEVICE_TYPE,IS_REFRESH_ACTIVE,NOTIFICATION_TOKEN,USER_ID) values (89,to_timestamp('25/07/01 11:05:48.668000000','RR/MM/DD HH24:MI:SSXFF'),to_timestamp('25/07/01 11:05:48.668000000','RR/MM/DD HH24:MI:SSXFF'),'6d82a55a-cf5d-4186-b84d-7a961b041488','DEVICE_TYPE_MACOS',1,'a58e0c46-cc62-4fbd-8fb9-85c342f267aa',1);
Insert into SCOTT.USER_DEVICE (USER_DEVICE_ID,CREATED_AT,UPDATED_AT,DEVICE_ID,DEVICE_TYPE,IS_REFRESH_ACTIVE,NOTIFICATION_TOKEN,USER_ID) values (100,to_timestamp('25/07/02 15:49:43.120000000','RR/MM/DD HH24:MI:SSXFF'),to_timestamp('25/07/02 15:49:43.120000000','RR/MM/DD HH24:MI:SSXFF'),'2ad634e5-c4d3-4bec-a1a4-2085cea86ff5','DEVICE_TYPE_MACOS',1,'d0e1a58a-3081-475e-a689-641edbf615db',1);
Insert into SCOTT.USER_DEVICE (USER_DEVICE_ID,CREATED_AT,UPDATED_AT,DEVICE_ID,DEVICE_TYPE,IS_REFRESH_ACTIVE,NOTIFICATION_TOKEN,USER_ID) values (101,to_timestamp('25/07/02 15:55:23.567000000','RR/MM/DD HH24:MI:SSXFF'),to_timestamp('25/07/02 15:55:23.567000000','RR/MM/DD HH24:MI:SSXFF'),'9e1a6a2c-8694-4824-8cb1-d3dbf6e4cab1','DEVICE_TYPE_WINDOWS',1,'ccbf4390-510f-4a53-a303-1683b9e58a25',1);
Insert into SCOTT.USER_DEVICE (USER_DEVICE_ID,CREATED_AT,UPDATED_AT,DEVICE_ID,DEVICE_TYPE,IS_REFRESH_ACTIVE,NOTIFICATION_TOKEN,USER_ID) values (102,to_timestamp('25/07/02 15:56:35.494000000','RR/MM/DD HH24:MI:SSXFF'),to_timestamp('25/07/02 15:56:35.494000000','RR/MM/DD HH24:MI:SSXFF'),'2fb5985e-3596-457c-a960-876571008656','DEVICE_TYPE_WINDOWS',1,'8adf10d5-076d-4ca8-8b77-e3a458446584',1);
Insert into SCOTT.USER_DEVICE (USER_DEVICE_ID,CREATED_AT,UPDATED_AT,DEVICE_ID,DEVICE_TYPE,IS_REFRESH_ACTIVE,NOTIFICATION_TOKEN,USER_ID) values (103,to_timestamp('25/07/02 16:01:47.369000000','RR/MM/DD HH24:MI:SSXFF'),to_timestamp('25/07/02 16:01:47.369000000','RR/MM/DD HH24:MI:SSXFF'),'1d85dfa5-a857-4d65-ac83-574722e8839e','DEVICE_TYPE_WINDOWS',1,'6f2fce2a-927c-466b-8685-50d8433fc643',1);
Insert into SCOTT.USER_DEVICE (USER_DEVICE_ID,CREATED_AT,UPDATED_AT,DEVICE_ID,DEVICE_TYPE,IS_REFRESH_ACTIVE,NOTIFICATION_TOKEN,USER_ID) values (107,to_timestamp('25/07/02 16:41:23.860000000','RR/MM/DD HH24:MI:SSXFF'),to_timestamp('25/07/02 16:41:23.860000000','RR/MM/DD HH24:MI:SSXFF'),'9fa5090c-896a-4874-a654-31ec4d0734f0','DEVICE_TYPE_MACOS',1,'f89da507-41d2-4ea5-adc5-bcdafc0673da',1);
Insert into SCOTT.USER_DEVICE (USER_DEVICE_ID,CREATED_AT,UPDATED_AT,DEVICE_ID,DEVICE_TYPE,IS_REFRESH_ACTIVE,NOTIFICATION_TOKEN,USER_ID) values (116,to_timestamp('25/07/03 09:26:41.279000000','RR/MM/DD HH24:MI:SSXFF'),to_timestamp('25/07/03 09:26:41.279000000','RR/MM/DD HH24:MI:SSXFF'),'c3543d73-3509-407e-9d0b-307e58273a16','DEVICE_TYPE_WINDOWS',1,'f1c06d52-5d18-4b61-af6f-12fe43f0aecf',1);
Insert into SCOTT.USER_DEVICE (USER_DEVICE_ID,CREATED_AT,UPDATED_AT,DEVICE_ID,DEVICE_TYPE,IS_REFRESH_ACTIVE,NOTIFICATION_TOKEN,USER_ID) values (117,to_timestamp('25/07/03 10:59:04.259000000','RR/MM/DD HH24:MI:SSXFF'),to_timestamp('25/07/03 10:59:04.259000000','RR/MM/DD HH24:MI:SSXFF'),'e4c48050-ff6e-4c93-9df2-40845bb0702f','DEVICE_TYPE_MACOS',1,'e57b888a-d09a-4b65-8c53-986ab3a9168b',1);
Insert into SCOTT.USER_DEVICE (USER_DEVICE_ID,CREATED_AT,UPDATED_AT,DEVICE_ID,DEVICE_TYPE,IS_REFRESH_ACTIVE,NOTIFICATION_TOKEN,USER_ID) values (128,to_timestamp('25/07/03 16:59:18.489000000','RR/MM/DD HH24:MI:SSXFF'),to_timestamp('25/07/03 16:59:18.489000000','RR/MM/DD HH24:MI:SSXFF'),'8a5a62ef-c8c8-4eec-bc88-768d862c0490','DEVICE_TYPE_WINDOWS',1,'ec03e353-1796-4efd-9134-c3417f8c48f5',44);
Insert into SCOTT.USER_DEVICE (USER_DEVICE_ID,CREATED_AT,UPDATED_AT,DEVICE_ID,DEVICE_TYPE,IS_REFRESH_ACTIVE,NOTIFICATION_TOKEN,USER_ID) values (130,to_timestamp('25/07/03 17:09:12.746000000','RR/MM/DD HH24:MI:SSXFF'),to_timestamp('25/07/03 17:09:12.746000000','RR/MM/DD HH24:MI:SSXFF'),'9dc7135c-9e54-465b-a496-f6f64c9cd781','DEVICE_TYPE_WINDOWS',1,'8424b9ab-7095-42f1-8fb5-e7ff14f5e4e1',48);
Insert into SCOTT.USER_DEVICE (USER_DEVICE_ID,CREATED_AT,UPDATED_AT,DEVICE_ID,DEVICE_TYPE,IS_REFRESH_ACTIVE,NOTIFICATION_TOKEN,USER_ID) values (129,to_timestamp('25/07/03 17:04:45.586000000','RR/MM/DD HH24:MI:SSXFF'),to_timestamp('25/07/03 17:04:45.586000000','RR/MM/DD HH24:MI:SSXFF'),'73501b07-c7e8-44f2-b366-07f5ac1fba21','DEVICE_TYPE_WINDOWS',1,'75add896-75b8-4ed1-9ada-785e15ae331a',47);
Insert into SCOTT.USER_DEVICE (USER_DEVICE_ID,CREATED_AT,UPDATED_AT,DEVICE_ID,DEVICE_TYPE,IS_REFRESH_ACTIVE,NOTIFICATION_TOKEN,USER_ID) values (163,to_timestamp('25/07/07 12:15:50.874000000','RR/MM/DD HH24:MI:SSXFF'),to_timestamp('25/07/07 12:15:50.874000000','RR/MM/DD HH24:MI:SSXFF'),'db924694-b382-4fa8-872f-7e87357b8311','DEVICE_TYPE_WINDOWS',1,'6f6a0465-02e3-4c0b-bd70-12464647ff0a',1);
Insert into SCOTT.USER_DEVICE (USER_DEVICE_ID,CREATED_AT,UPDATED_AT,DEVICE_ID,DEVICE_TYPE,IS_REFRESH_ACTIVE,NOTIFICATION_TOKEN,USER_ID) values (164,to_timestamp('25/07/07 12:25:09.445000000','RR/MM/DD HH24:MI:SSXFF'),to_timestamp('25/07/07 12:25:09.445000000','RR/MM/DD HH24:MI:SSXFF'),'a80fc91e-5b9f-428a-a2d9-95af77bd6396','DEVICE_TYPE_MACOS',1,'d7822896-b952-4ffd-9a7f-b5d7a434dde7',1);
Insert into SCOTT.USER_DEVICE (USER_DEVICE_ID,CREATED_AT,UPDATED_AT,DEVICE_ID,DEVICE_TYPE,IS_REFRESH_ACTIVE,NOTIFICATION_TOKEN,USER_ID) values (165,to_timestamp('25/07/07 12:29:45.755000000','RR/MM/DD HH24:MI:SSXFF'),to_timestamp('25/07/07 12:29:45.755000000','RR/MM/DD HH24:MI:SSXFF'),'80863a36-0283-4381-acc8-dd8031520121','DEVICE_TYPE_MACOS',1,'079ac22a-fe4d-4e28-a51d-c57c8961614b',61);
Insert into SCOTT.USER_DEVICE (USER_DEVICE_ID,CREATED_AT,UPDATED_AT,DEVICE_ID,DEVICE_TYPE,IS_REFRESH_ACTIVE,NOTIFICATION_TOKEN,USER_ID) values (166,to_timestamp('25/07/07 12:34:36.123000000','RR/MM/DD HH24:MI:SSXFF'),to_timestamp('25/07/07 12:34:36.123000000','RR/MM/DD HH24:MI:SSXFF'),'44f76d06-f20c-4a76-bc43-0f1012f14cc7','DEVICE_TYPE_MACOS',1,'22820735-c1ff-4d04-97ec-aabb24ee25a9',61);
Insert into SCOTT.USER_DEVICE (USER_DEVICE_ID,CREATED_AT,UPDATED_AT,DEVICE_ID,DEVICE_TYPE,IS_REFRESH_ACTIVE,NOTIFICATION_TOKEN,USER_ID) values (167,to_timestamp('25/07/07 12:34:43.220000000','RR/MM/DD HH24:MI:SSXFF'),to_timestamp('25/07/07 12:34:43.220000000','RR/MM/DD HH24:MI:SSXFF'),'0606f64c-b771-421c-9544-a1629c4710d8','DEVICE_TYPE_MACOS',1,'6b37eb5e-ad07-4587-bb01-7dc212352c0a',1);
Insert into SCOTT.USER_DEVICE (USER_DEVICE_ID,CREATED_AT,UPDATED_AT,DEVICE_ID,DEVICE_TYPE,IS_REFRESH_ACTIVE,NOTIFICATION_TOKEN,USER_ID) values (168,to_timestamp('25/07/07 12:34:52.326000000','RR/MM/DD HH24:MI:SSXFF'),to_timestamp('25/07/07 12:34:52.326000000','RR/MM/DD HH24:MI:SSXFF'),'c6d05e95-2f04-494e-a6e0-9bcc9ab09717','DEVICE_TYPE_MACOS',1,'ccb18fc2-7299-4b4e-94ef-3febfba01129',61);
Insert into SCOTT.USER_DEVICE (USER_DEVICE_ID,CREATED_AT,UPDATED_AT,DEVICE_ID,DEVICE_TYPE,IS_REFRESH_ACTIVE,NOTIFICATION_TOKEN,USER_ID) values (170,to_timestamp('25/07/07 12:56:58.080000000','RR/MM/DD HH24:MI:SSXFF'),to_timestamp('25/07/07 12:56:58.080000000','RR/MM/DD HH24:MI:SSXFF'),'708c7bdc-fef1-4140-bb31-308143b99329','DEVICE_TYPE_MACOS',1,'e57f1055-33d0-409d-8970-9c534f3fad32',61);
Insert into SCOTT.USER_DEVICE (USER_DEVICE_ID,CREATED_AT,UPDATED_AT,DEVICE_ID,DEVICE_TYPE,IS_REFRESH_ACTIVE,NOTIFICATION_TOKEN,USER_ID) values (171,to_timestamp('25/07/07 12:58:57.647000000','RR/MM/DD HH24:MI:SSXFF'),to_timestamp('25/07/07 12:58:57.647000000','RR/MM/DD HH24:MI:SSXFF'),'cc1d71ca-0695-486f-b31d-030758a99887','DEVICE_TYPE_MACOS',1,'672ea5e2-f091-4556-9a35-327c8a37d314',61);
Insert into SCOTT.USER_DEVICE (USER_DEVICE_ID,CREATED_AT,UPDATED_AT,DEVICE_ID,DEVICE_TYPE,IS_REFRESH_ACTIVE,NOTIFICATION_TOKEN,USER_ID) values (172,to_timestamp('25/07/07 13:00:10.320000000','RR/MM/DD HH24:MI:SSXFF'),to_timestamp('25/07/07 13:00:10.320000000','RR/MM/DD HH24:MI:SSXFF'),'7314d3a7-b67c-492b-aab0-43965b3d41b3','DEVICE_TYPE_MACOS',1,'4448286a-0813-4768-b813-95606482943e',61);
Insert into SCOTT.USER_DEVICE (USER_DEVICE_ID,CREATED_AT,UPDATED_AT,DEVICE_ID,DEVICE_TYPE,IS_REFRESH_ACTIVE,NOTIFICATION_TOKEN,USER_ID) values (173,to_timestamp('25/07/07 13:06:12.827000000','RR/MM/DD HH24:MI:SSXFF'),to_timestamp('25/07/07 13:06:12.827000000','RR/MM/DD HH24:MI:SSXFF'),'ea0af379-c531-42f9-90ab-36b500494036','DEVICE_TYPE_MACOS',1,'d38ae026-f46a-4dcf-976e-18b3edd24007',61);
Insert into SCOTT.USER_DEVICE (USER_DEVICE_ID,CREATED_AT,UPDATED_AT,DEVICE_ID,DEVICE_TYPE,IS_REFRESH_ACTIVE,NOTIFICATION_TOKEN,USER_ID) values (174,to_timestamp('25/07/07 13:06:27.094000000','RR/MM/DD HH24:MI:SSXFF'),to_timestamp('25/07/07 13:06:27.094000000','RR/MM/DD HH24:MI:SSXFF'),'e5917e7a-f26d-4678-9b8a-682e97dd4978','DEVICE_TYPE_MACOS',1,'dbe3830b-e44d-4d2d-9fb7-6c78fa72dfa3',1);
Insert into SCOTT.USER_DEVICE (USER_DEVICE_ID,CREATED_AT,UPDATED_AT,DEVICE_ID,DEVICE_TYPE,IS_REFRESH_ACTIVE,NOTIFICATION_TOKEN,USER_ID) values (175,to_timestamp('25/07/07 13:06:40.044000000','RR/MM/DD HH24:MI:SSXFF'),to_timestamp('25/07/07 13:06:40.044000000','RR/MM/DD HH24:MI:SSXFF'),'68a6dcec-fc99-4e9e-a507-4c6586f4d3c6','DEVICE_TYPE_MACOS',1,'08d22899-968b-4cdf-961a-7416f0c4f1e4',1);
Insert into SCOTT.USER_DEVICE (USER_DEVICE_ID,CREATED_AT,UPDATED_AT,DEVICE_ID,DEVICE_TYPE,IS_REFRESH_ACTIVE,NOTIFICATION_TOKEN,USER_ID) values (176,to_timestamp('25/07/07 13:08:31.693000000','RR/MM/DD HH24:MI:SSXFF'),to_timestamp('25/07/07 13:08:31.693000000','RR/MM/DD HH24:MI:SSXFF'),'ad1434b4-bedf-43aa-bec0-c2e3ebcdfe7e','DEVICE_TYPE_MACOS',1,'886e0d6a-0f53-451e-9d30-ad6736eed5d5',62);
Insert into SCOTT.USER_DEVICE (USER_DEVICE_ID,CREATED_AT,UPDATED_AT,DEVICE_ID,DEVICE_TYPE,IS_REFRESH_ACTIVE,NOTIFICATION_TOKEN,USER_ID) values (177,to_timestamp('25/07/07 13:09:05.033000000','RR/MM/DD HH24:MI:SSXFF'),to_timestamp('25/07/07 13:09:05.033000000','RR/MM/DD HH24:MI:SSXFF'),'82c3e708-1352-47c0-8c92-0343bc4ed374','DEVICE_TYPE_MACOS',1,'820f44dd-8d31-4316-ac1e-406a3ad76bf8',61);
Insert into SCOTT.USER_DEVICE (USER_DEVICE_ID,CREATED_AT,UPDATED_AT,DEVICE_ID,DEVICE_TYPE,IS_REFRESH_ACTIVE,NOTIFICATION_TOKEN,USER_ID) values (178,to_timestamp('25/07/07 13:09:26.705000000','RR/MM/DD HH24:MI:SSXFF'),to_timestamp('25/07/07 13:09:26.705000000','RR/MM/DD HH24:MI:SSXFF'),'b69d7714-272e-4dd8-90e4-c8e2f7371c78','DEVICE_TYPE_MACOS',1,'64898620-bd2c-491a-ae0c-9c20d22972e2',62);
Insert into SCOTT.USER_DEVICE (USER_DEVICE_ID,CREATED_AT,UPDATED_AT,DEVICE_ID,DEVICE_TYPE,IS_REFRESH_ACTIVE,NOTIFICATION_TOKEN,USER_ID) values (179,to_timestamp('25/07/07 13:10:06.762000000','RR/MM/DD HH24:MI:SSXFF'),to_timestamp('25/07/07 13:10:06.762000000','RR/MM/DD HH24:MI:SSXFF'),'ba47cfb9-1e30-4805-85bb-8a061989628c','DEVICE_TYPE_MACOS',1,'6493c2d3-d6bf-4ee1-bc9c-ccf2ce2e6281',62);
Insert into SCOTT.USER_DEVICE (USER_DEVICE_ID,CREATED_AT,UPDATED_AT,DEVICE_ID,DEVICE_TYPE,IS_REFRESH_ACTIVE,NOTIFICATION_TOKEN,USER_ID) values (180,to_timestamp('25/07/07 13:10:12.521000000','RR/MM/DD HH24:MI:SSXFF'),to_timestamp('25/07/07 13:10:12.521000000','RR/MM/DD HH24:MI:SSXFF'),'e8abe8cf-56fa-4480-ab0a-90400187543a','DEVICE_TYPE_MACOS',1,'a972f902-5eb0-4ae6-a790-96cd777ca69b',62);
Insert into SCOTT.USER_DEVICE (USER_DEVICE_ID,CREATED_AT,UPDATED_AT,DEVICE_ID,DEVICE_TYPE,IS_REFRESH_ACTIVE,NOTIFICATION_TOKEN,USER_ID) values (182,to_timestamp('25/07/07 13:20:42.827000000','RR/MM/DD HH24:MI:SSXFF'),to_timestamp('25/07/07 13:20:42.827000000','RR/MM/DD HH24:MI:SSXFF'),'4349bdb4-ba92-4243-88d2-f5aafff5ec25','DEVICE_TYPE_MACOS',1,'53cc8195-2059-4e73-8e7a-38c7ad07e0d1',61);
Insert into SCOTT.USER_DEVICE (USER_DEVICE_ID,CREATED_AT,UPDATED_AT,DEVICE_ID,DEVICE_TYPE,IS_REFRESH_ACTIVE,NOTIFICATION_TOKEN,USER_ID) values (183,to_timestamp('25/07/07 13:23:44.900000000','RR/MM/DD HH24:MI:SSXFF'),to_timestamp('25/07/07 13:23:44.900000000','RR/MM/DD HH24:MI:SSXFF'),'aa4452b2-56c5-443b-a345-04a1c6a87417','DEVICE_TYPE_MACOS',1,'fb839a9d-7287-453c-9884-bbefeca713e2',62);
Insert into SCOTT.USER_DEVICE (USER_DEVICE_ID,CREATED_AT,UPDATED_AT,DEVICE_ID,DEVICE_TYPE,IS_REFRESH_ACTIVE,NOTIFICATION_TOKEN,USER_ID) values (184,to_timestamp('25/07/07 13:24:00.872000000','RR/MM/DD HH24:MI:SSXFF'),to_timestamp('25/07/07 13:24:00.872000000','RR/MM/DD HH24:MI:SSXFF'),'b6670b4e-7ebe-481e-8a97-01511d348c26','DEVICE_TYPE_MACOS',1,'55df2d5f-29a0-43bc-bd37-ef755e5af35e',62);
Insert into SCOTT.USER_DEVICE (USER_DEVICE_ID,CREATED_AT,UPDATED_AT,DEVICE_ID,DEVICE_TYPE,IS_REFRESH_ACTIVE,NOTIFICATION_TOKEN,USER_ID) values (185,to_timestamp('25/07/07 13:24:28.020000000','RR/MM/DD HH24:MI:SSXFF'),to_timestamp('25/07/07 13:24:28.020000000','RR/MM/DD HH24:MI:SSXFF'),'f8dd1f49-c25f-4345-a4e5-75b053eca249','DEVICE_TYPE_MACOS',1,'1a61d42d-887b-4437-8820-e64be96e1c30',61);
Insert into SCOTT.USER_DEVICE (USER_DEVICE_ID,CREATED_AT,UPDATED_AT,DEVICE_ID,DEVICE_TYPE,IS_REFRESH_ACTIVE,NOTIFICATION_TOKEN,USER_ID) values (218,to_timestamp('25/07/08 14:06:44.461000000','RR/MM/DD HH24:MI:SSXFF'),to_timestamp('25/07/08 14:06:44.461000000','RR/MM/DD HH24:MI:SSXFF'),'198968e3-5db8-42c3-8c33-522c50233dac','DEVICE_TYPE_WINDOWS',1,'3903cffc-3d7d-4614-bf57-786c380917ea',1);
Insert into SCOTT.USER_DEVICE (USER_DEVICE_ID,CREATED_AT,UPDATED_AT,DEVICE_ID,DEVICE_TYPE,IS_REFRESH_ACTIVE,NOTIFICATION_TOKEN,USER_ID) values (226,to_timestamp('25/07/08 17:09:24.497000000','RR/MM/DD HH24:MI:SSXFF'),to_timestamp('25/07/08 17:09:24.497000000','RR/MM/DD HH24:MI:SSXFF'),'ddafb9f4-14b5-4bd8-9129-515c1f8ea6cf','DEVICE_TYPE_MACOS',1,'c535b291-e045-47c5-b2fd-532f5b97767d',49);
Insert into SCOTT.USER_DEVICE (USER_DEVICE_ID,CREATED_AT,UPDATED_AT,DEVICE_ID,DEVICE_TYPE,IS_REFRESH_ACTIVE,NOTIFICATION_TOKEN,USER_ID) values (227,to_timestamp('25/07/08 17:09:41.294000000','RR/MM/DD HH24:MI:SSXFF'),to_timestamp('25/07/08 17:09:41.294000000','RR/MM/DD HH24:MI:SSXFF'),'be193cb2-8692-435c-88e7-7e19f549e406','DEVICE_TYPE_MACOS',1,'e2e6bb23-cf96-4528-b7f0-0b454c8ac128',1);
Insert into SCOTT.USER_DEVICE (USER_DEVICE_ID,CREATED_AT,UPDATED_AT,DEVICE_ID,DEVICE_TYPE,IS_REFRESH_ACTIVE,NOTIFICATION_TOKEN,USER_ID) values (228,to_timestamp('25/07/08 17:09:52.641000000','RR/MM/DD HH24:MI:SSXFF'),to_timestamp('25/07/08 17:09:52.641000000','RR/MM/DD HH24:MI:SSXFF'),'0d99fd89-f249-40b9-b6d4-8c574c3400ee','DEVICE_TYPE_MACOS',1,'a728da52-1512-42b2-8117-e09f177f1b64',64);
Insert into SCOTT.USER_DEVICE (USER_DEVICE_ID,CREATED_AT,UPDATED_AT,DEVICE_ID,DEVICE_TYPE,IS_REFRESH_ACTIVE,NOTIFICATION_TOKEN,USER_ID) values (229,to_timestamp('25/07/08 17:10:00.277000000','RR/MM/DD HH24:MI:SSXFF'),to_timestamp('25/07/08 17:10:00.277000000','RR/MM/DD HH24:MI:SSXFF'),'939cd697-297c-4dd5-a513-40efd079ee6d','DEVICE_TYPE_MACOS',1,'715bdeb7-2618-45c8-8bc9-8c13ad76083d',66);
Insert into SCOTT.USER_DEVICE (USER_DEVICE_ID,CREATED_AT,UPDATED_AT,DEVICE_ID,DEVICE_TYPE,IS_REFRESH_ACTIVE,NOTIFICATION_TOKEN,USER_ID) values (230,to_timestamp('25/07/08 17:11:19.193000000','RR/MM/DD HH24:MI:SSXFF'),to_timestamp('25/07/08 17:11:19.193000000','RR/MM/DD HH24:MI:SSXFF'),'c1740c2a-b46a-41c6-80ff-d98b974b77af','DEVICE_TYPE_MACOS',1,'22daa28c-7f76-4ca3-97c6-b7c5f7300e2b',68);
Insert into SCOTT.USER_DEVICE (USER_DEVICE_ID,CREATED_AT,UPDATED_AT,DEVICE_ID,DEVICE_TYPE,IS_REFRESH_ACTIVE,NOTIFICATION_TOKEN,USER_ID) values (231,to_timestamp('25/07/08 17:19:04.690000000','RR/MM/DD HH24:MI:SSXFF'),to_timestamp('25/07/08 17:19:04.690000000','RR/MM/DD HH24:MI:SSXFF'),'16291efb-9831-4e1b-95d3-63de7460629f','DEVICE_TYPE_MACOS',1,'67c6e87d-4964-4f53-afb9-3d6bb18079ac',68);
Insert into SCOTT.USER_DEVICE (USER_DEVICE_ID,CREATED_AT,UPDATED_AT,DEVICE_ID,DEVICE_TYPE,IS_REFRESH_ACTIVE,NOTIFICATION_TOKEN,USER_ID) values (64,to_timestamp('25/06/25 16:07:20.009000000','RR/MM/DD HH24:MI:SSXFF'),to_timestamp('25/06/25 16:07:20.009000000','RR/MM/DD HH24:MI:SSXFF'),'4a7cb6cf-c4dd-4189-a1ef-91097d54c985','DEVICE_TYPE_MACOS',1,'17ba8a09-fa61-4dec-b790-8457b9dbe25c',1);
Insert into SCOTT.USER_DEVICE (USER_DEVICE_ID,CREATED_AT,UPDATED_AT,DEVICE_ID,DEVICE_TYPE,IS_REFRESH_ACTIVE,NOTIFICATION_TOKEN,USER_ID) values (65,to_timestamp('25/06/26 14:39:36.840000000','RR/MM/DD HH24:MI:SSXFF'),to_timestamp('25/06/26 14:39:36.840000000','RR/MM/DD HH24:MI:SSXFF'),'77649d1a-7d6f-45d7-8450-c47ced5e9ffb','DEVICE_TYPE_WINDOWS',1,'d55a2a14-077f-4f87-8d24-bcb9b5ebee94',1);
Insert into SCOTT.USER_DEVICE (USER_DEVICE_ID,CREATED_AT,UPDATED_AT,DEVICE_ID,DEVICE_TYPE,IS_REFRESH_ACTIVE,NOTIFICATION_TOKEN,USER_ID) values (71,to_timestamp('25/06/26 18:27:22.944000000','RR/MM/DD HH24:MI:SSXFF'),to_timestamp('25/06/26 18:27:22.944000000','RR/MM/DD HH24:MI:SSXFF'),'e8c5db47-33f5-4836-a48f-0325fed90f7d','DEVICE_TYPE_WINDOWS',1,'a387d18c-37ce-4f42-bf5f-23369b58c3d5',1);
Insert into SCOTT.USER_DEVICE (USER_DEVICE_ID,CREATED_AT,UPDATED_AT,DEVICE_ID,DEVICE_TYPE,IS_REFRESH_ACTIVE,NOTIFICATION_TOKEN,USER_ID) values (72,to_timestamp('25/06/27 13:59:23.800000000','RR/MM/DD HH24:MI:SSXFF'),to_timestamp('25/06/27 13:59:23.800000000','RR/MM/DD HH24:MI:SSXFF'),'7f48b31b-dbbe-41e6-ba20-df8de6289b31','DEVICE_TYPE_MACOS',1,'2bf48322-a8a8-48e0-9c91-f9576d2baed5',1);
Insert into SCOTT.USER_DEVICE (USER_DEVICE_ID,CREATED_AT,UPDATED_AT,DEVICE_ID,DEVICE_TYPE,IS_REFRESH_ACTIVE,NOTIFICATION_TOKEN,USER_ID) values (79,to_timestamp('25/06/30 15:10:47.162000000','RR/MM/DD HH24:MI:SSXFF'),to_timestamp('25/06/30 15:10:47.162000000','RR/MM/DD HH24:MI:SSXFF'),'0cdeebef-12ec-4af3-85fe-218774feb3f3','DEVICE_TYPE_WINDOWS',1,'87ab620a-a9a5-41f9-93c4-f5a15aad6510',1);
Insert into SCOTT.USER_DEVICE (USER_DEVICE_ID,CREATED_AT,UPDATED_AT,DEVICE_ID,DEVICE_TYPE,IS_REFRESH_ACTIVE,NOTIFICATION_TOKEN,USER_ID) values (90,to_timestamp('25/07/01 15:12:24.070000000','RR/MM/DD HH24:MI:SSXFF'),to_timestamp('25/07/01 15:12:24.070000000','RR/MM/DD HH24:MI:SSXFF'),'aeedd557-5392-4cec-b580-85680a4d8db8','DEVICE_TYPE_MACOS',1,'e964c62d-7656-4938-93d8-c107579b7582',1);
Insert into SCOTT.USER_DEVICE (USER_DEVICE_ID,CREATED_AT,UPDATED_AT,DEVICE_ID,DEVICE_TYPE,IS_REFRESH_ACTIVE,NOTIFICATION_TOKEN,USER_ID) values (92,to_timestamp('25/07/01 15:41:06.946000000','RR/MM/DD HH24:MI:SSXFF'),to_timestamp('25/07/01 15:41:06.946000000','RR/MM/DD HH24:MI:SSXFF'),'f1cd310c-6fab-44ac-9d76-8299c8d51640','DEVICE_TYPE_MACOS',1,'a022acd1-683e-482b-882b-461f659cf3b1',1);
Insert into SCOTT.USER_DEVICE (USER_DEVICE_ID,CREATED_AT,UPDATED_AT,DEVICE_ID,DEVICE_TYPE,IS_REFRESH_ACTIVE,NOTIFICATION_TOKEN,USER_ID) values (97,to_timestamp('25/07/02 15:19:08.480000000','RR/MM/DD HH24:MI:SSXFF'),to_timestamp('25/07/02 15:19:08.480000000','RR/MM/DD HH24:MI:SSXFF'),'cdfd4bc2-08a0-4ec9-a346-99e297c06c16','DEVICE_TYPE_WINDOWS',1,'76dd829e-da72-4945-a8fe-95570a5b84c4',1);
Insert into SCOTT.USER_DEVICE (USER_DEVICE_ID,CREATED_AT,UPDATED_AT,DEVICE_ID,DEVICE_TYPE,IS_REFRESH_ACTIVE,NOTIFICATION_TOKEN,USER_ID) values (98,to_timestamp('25/07/02 15:26:13.198000000','RR/MM/DD HH24:MI:SSXFF'),to_timestamp('25/07/02 15:26:13.198000000','RR/MM/DD HH24:MI:SSXFF'),'c0d74e24-456c-46ed-a4b8-5b3af86c2a2a','DEVICE_TYPE_WINDOWS',1,'14196465-5fed-48d5-aba4-6b46c700cc22',1);
Insert into SCOTT.USER_DEVICE (USER_DEVICE_ID,CREATED_AT,UPDATED_AT,DEVICE_ID,DEVICE_TYPE,IS_REFRESH_ACTIVE,NOTIFICATION_TOKEN,USER_ID) values (99,to_timestamp('25/07/02 15:45:05.397000000','RR/MM/DD HH24:MI:SSXFF'),to_timestamp('25/07/02 15:45:05.397000000','RR/MM/DD HH24:MI:SSXFF'),'f3a68535-bd95-4933-88be-f57859485ca7','DEVICE_TYPE_WINDOWS',1,'35f4a414-28b1-4d93-a722-b9de21fc2cd8',1);
Insert into SCOTT.USER_DEVICE (USER_DEVICE_ID,CREATED_AT,UPDATED_AT,DEVICE_ID,DEVICE_TYPE,IS_REFRESH_ACTIVE,NOTIFICATION_TOKEN,USER_ID) values (104,to_timestamp('25/07/02 16:17:10.096000000','RR/MM/DD HH24:MI:SSXFF'),to_timestamp('25/07/02 16:17:10.096000000','RR/MM/DD HH24:MI:SSXFF'),'dbc73c3d-54ae-4161-ba7a-4886a0f5454b','DEVICE_TYPE_MACOS',1,'713255d9-81dc-448b-be92-b03f877f4bc5',1);
Insert into SCOTT.USER_DEVICE (USER_DEVICE_ID,CREATED_AT,UPDATED_AT,DEVICE_ID,DEVICE_TYPE,IS_REFRESH_ACTIVE,NOTIFICATION_TOKEN,USER_ID) values (105,to_timestamp('25/07/02 16:18:14.105000000','RR/MM/DD HH24:MI:SSXFF'),to_timestamp('25/07/02 16:18:14.105000000','RR/MM/DD HH24:MI:SSXFF'),'1e6f7e9f-c441-4a6d-a2d5-3e57e57e7926','DEVICE_TYPE_WINDOWS',1,'96739910-6490-4325-a105-b60dfc414a1b',1);
Insert into SCOTT.USER_DEVICE (USER_DEVICE_ID,CREATED_AT,UPDATED_AT,DEVICE_ID,DEVICE_TYPE,IS_REFRESH_ACTIVE,NOTIFICATION_TOKEN,USER_ID) values (106,to_timestamp('25/07/02 16:36:26.574000000','RR/MM/DD HH24:MI:SSXFF'),to_timestamp('25/07/02 16:36:26.574000000','RR/MM/DD HH24:MI:SSXFF'),'956e6d04-48f1-49ac-8212-d4b0b613d543','DEVICE_TYPE_WINDOWS',1,'8b1abb07-34c4-48d6-b564-cce33a897813',1);
Insert into SCOTT.USER_DEVICE (USER_DEVICE_ID,CREATED_AT,UPDATED_AT,DEVICE_ID,DEVICE_TYPE,IS_REFRESH_ACTIVE,NOTIFICATION_TOKEN,USER_ID) values (108,to_timestamp('25/07/02 16:43:44.030000000','RR/MM/DD HH24:MI:SSXFF'),to_timestamp('25/07/02 16:43:44.030000000','RR/MM/DD HH24:MI:SSXFF'),'e8011847-0278-4834-a9b3-385beaade9a8','DEVICE_TYPE_WINDOWS',1,'42639bd4-07b2-4362-8aa9-a423a4f14f22',1);
Insert into SCOTT.USER_DEVICE (USER_DEVICE_ID,CREATED_AT,UPDATED_AT,DEVICE_ID,DEVICE_TYPE,IS_REFRESH_ACTIVE,NOTIFICATION_TOKEN,USER_ID) values (113,to_timestamp('25/07/02 17:32:38.814000000','RR/MM/DD HH24:MI:SSXFF'),to_timestamp('25/07/02 17:32:38.814000000','RR/MM/DD HH24:MI:SSXFF'),'70ff3d96-e2d3-4e0b-888a-c40dd243d078','DEVICE_TYPE_WINDOWS',1,'c82209ee-be7c-4ffa-a08b-e1798daa7a85',1);
Insert into SCOTT.USER_DEVICE (USER_DEVICE_ID,CREATED_AT,UPDATED_AT,DEVICE_ID,DEVICE_TYPE,IS_REFRESH_ACTIVE,NOTIFICATION_TOKEN,USER_ID) values (114,to_timestamp('25/07/02 17:42:51.090000000','RR/MM/DD HH24:MI:SSXFF'),to_timestamp('25/07/02 17:42:51.090000000','RR/MM/DD HH24:MI:SSXFF'),'c0aa5de6-8694-4c29-8c4a-5e8b79b70b4d','DEVICE_TYPE_MACOS',1,'6f0c92ce-5ffb-49b3-9f1f-36f26648e799',1);
Insert into SCOTT.USER_DEVICE (USER_DEVICE_ID,CREATED_AT,UPDATED_AT,DEVICE_ID,DEVICE_TYPE,IS_REFRESH_ACTIVE,NOTIFICATION_TOKEN,USER_ID) values (142,to_timestamp('25/07/04 15:41:40.318000000','RR/MM/DD HH24:MI:SSXFF'),to_timestamp('25/07/04 15:41:40.318000000','RR/MM/DD HH24:MI:SSXFF'),'95312915-19e7-4fec-baa2-efa32e49cf0d','DEVICE_TYPE_WINDOWS',1,'47ad735e-2b70-47b8-bec2-52da3b8f2ecf',44);
Insert into SCOTT.USER_DEVICE (USER_DEVICE_ID,CREATED_AT,UPDATED_AT,DEVICE_ID,DEVICE_TYPE,IS_REFRESH_ACTIVE,NOTIFICATION_TOKEN,USER_ID) values (143,to_timestamp('25/07/04 15:41:48.637000000','RR/MM/DD HH24:MI:SSXFF'),to_timestamp('25/07/04 15:41:48.637000000','RR/MM/DD HH24:MI:SSXFF'),'7fd3a82c-b96e-4d63-8a91-7f0e362e6c63','DEVICE_TYPE_WINDOWS',1,'fc351aaa-3a0b-4ed5-8e83-778c647203ac',1);
Insert into SCOTT.USER_DEVICE (USER_DEVICE_ID,CREATED_AT,UPDATED_AT,DEVICE_ID,DEVICE_TYPE,IS_REFRESH_ACTIVE,NOTIFICATION_TOKEN,USER_ID) values (145,to_timestamp('25/07/04 16:45:52.906000000','RR/MM/DD HH24:MI:SSXFF'),to_timestamp('25/07/04 16:45:52.906000000','RR/MM/DD HH24:MI:SSXFF'),'a4c23374-f84a-41f6-b21f-74c42c21ab24','DEVICE_TYPE_WINDOWS',1,'47b6eac5-b024-4235-a413-702e791681c7',1);
Insert into SCOTT.USER_DEVICE (USER_DEVICE_ID,CREATED_AT,UPDATED_AT,DEVICE_ID,DEVICE_TYPE,IS_REFRESH_ACTIVE,NOTIFICATION_TOKEN,USER_ID) values (161,to_timestamp('25/07/07 09:26:27.216000000','RR/MM/DD HH24:MI:SSXFF'),to_timestamp('25/07/07 09:26:27.216000000','RR/MM/DD HH24:MI:SSXFF'),'02411e86-f6d2-480a-92b4-e263cd831ab9','DEVICE_TYPE_MACOS',1,'c69b5182-4dd5-4eed-aa25-5ca889ca8daf',1);
Insert into SCOTT.USER_DEVICE (USER_DEVICE_ID,CREATED_AT,UPDATED_AT,DEVICE_ID,DEVICE_TYPE,IS_REFRESH_ACTIVE,NOTIFICATION_TOKEN,USER_ID) values (192,to_timestamp('25/07/07 14:16:39.965000000','RR/MM/DD HH24:MI:SSXFF'),to_timestamp('25/07/07 14:16:39.965000000','RR/MM/DD HH24:MI:SSXFF'),'bf2ee8dd-0af2-4056-af3b-f5667d3affbb','DEVICE_TYPE_WINDOWS',1,'2f2219de-bf06-4092-a168-ec3ec2656a37',1);
Insert into SCOTT.USER_DEVICE (USER_DEVICE_ID,CREATED_AT,UPDATED_AT,DEVICE_ID,DEVICE_TYPE,IS_REFRESH_ACTIVE,NOTIFICATION_TOKEN,USER_ID) values (193,to_timestamp('25/07/08 09:16:10.983000000','RR/MM/DD HH24:MI:SSXFF'),to_timestamp('25/07/08 09:16:10.983000000','RR/MM/DD HH24:MI:SSXFF'),'97df1a4b-6cf5-4c43-9d59-4f33ce910be5','DEVICE_TYPE_MACOS',1,'234ac7dc-ffaa-4d1b-9ad1-7abe8854feae',61);
Insert into SCOTT.USER_DEVICE (USER_DEVICE_ID,CREATED_AT,UPDATED_AT,DEVICE_ID,DEVICE_TYPE,IS_REFRESH_ACTIVE,NOTIFICATION_TOKEN,USER_ID) values (194,to_timestamp('25/07/08 09:16:25.041000000','RR/MM/DD HH24:MI:SSXFF'),to_timestamp('25/07/08 09:16:25.041000000','RR/MM/DD HH24:MI:SSXFF'),'2489cce9-b44b-42b7-99d0-c59e86d8565d','DEVICE_TYPE_MACOS',1,'4cac5d3f-5e45-4c78-bb99-1ca8f5cca907',62);
Insert into SCOTT.USER_DEVICE (USER_DEVICE_ID,CREATED_AT,UPDATED_AT,DEVICE_ID,DEVICE_TYPE,IS_REFRESH_ACTIVE,NOTIFICATION_TOKEN,USER_ID) values (195,to_timestamp('25/07/08 09:16:37.961000000','RR/MM/DD HH24:MI:SSXFF'),to_timestamp('25/07/08 09:16:37.961000000','RR/MM/DD HH24:MI:SSXFF'),'e4ffcb89-38c2-4d56-9e59-1ae667569c02','DEVICE_TYPE_MACOS',1,'08e7140e-9e94-4b43-8734-a50597ab6ab4',61);
Insert into SCOTT.USER_DEVICE (USER_DEVICE_ID,CREATED_AT,UPDATED_AT,DEVICE_ID,DEVICE_TYPE,IS_REFRESH_ACTIVE,NOTIFICATION_TOKEN,USER_ID) values (196,to_timestamp('25/07/08 09:17:41.219000000','RR/MM/DD HH24:MI:SSXFF'),to_timestamp('25/07/08 09:17:41.219000000','RR/MM/DD HH24:MI:SSXFF'),'e6a97b2a-1845-40c1-a805-7ffdb912fd0d','DEVICE_TYPE_MACOS',1,'22ce1572-6bac-4e14-9b3f-2b942378f7e7',62);
Insert into SCOTT.USER_DEVICE (USER_DEVICE_ID,CREATED_AT,UPDATED_AT,DEVICE_ID,DEVICE_TYPE,IS_REFRESH_ACTIVE,NOTIFICATION_TOKEN,USER_ID) values (197,to_timestamp('25/07/08 09:17:49.471000000','RR/MM/DD HH24:MI:SSXFF'),to_timestamp('25/07/08 09:17:49.471000000','RR/MM/DD HH24:MI:SSXFF'),'5f26e81f-8c06-4743-95d4-1293ccca846b','DEVICE_TYPE_MACOS',1,'084f6fec-deec-4f69-b786-0a05089711ca',61);
Insert into SCOTT.USER_DEVICE (USER_DEVICE_ID,CREATED_AT,UPDATED_AT,DEVICE_ID,DEVICE_TYPE,IS_REFRESH_ACTIVE,NOTIFICATION_TOKEN,USER_ID) values (198,to_timestamp('25/07/08 09:18:04.161000000','RR/MM/DD HH24:MI:SSXFF'),to_timestamp('25/07/08 09:18:04.161000000','RR/MM/DD HH24:MI:SSXFF'),'ff5c2394-b4a2-4f83-bfd1-bf17ccc16252','DEVICE_TYPE_MACOS',1,'eab53838-1582-4516-853b-eaf8434b210f',62);
Insert into SCOTT.USER_DEVICE (USER_DEVICE_ID,CREATED_AT,UPDATED_AT,DEVICE_ID,DEVICE_TYPE,IS_REFRESH_ACTIVE,NOTIFICATION_TOKEN,USER_ID) values (199,to_timestamp('25/07/08 09:18:12.614000000','RR/MM/DD HH24:MI:SSXFF'),to_timestamp('25/07/08 09:18:12.614000000','RR/MM/DD HH24:MI:SSXFF'),'a2f982da-2358-4c93-8f6e-71bdcd6700b4','DEVICE_TYPE_MACOS',1,'7cd2c6ae-8478-45cf-9883-8aa3767c1f81',62);
Insert into SCOTT.USER_DEVICE (USER_DEVICE_ID,CREATED_AT,UPDATED_AT,DEVICE_ID,DEVICE_TYPE,IS_REFRESH_ACTIVE,NOTIFICATION_TOKEN,USER_ID) values (200,to_timestamp('25/07/08 09:18:34.241000000','RR/MM/DD HH24:MI:SSXFF'),to_timestamp('25/07/08 09:18:34.241000000','RR/MM/DD HH24:MI:SSXFF'),'02784e73-dc3b-4b40-8ef0-94f5f20ddcf3','DEVICE_TYPE_MACOS',1,'58cf05f4-088a-4351-9778-12c8d4ada423',62);
Insert into SCOTT.USER_DEVICE (USER_DEVICE_ID,CREATED_AT,UPDATED_AT,DEVICE_ID,DEVICE_TYPE,IS_REFRESH_ACTIVE,NOTIFICATION_TOKEN,USER_ID) values (201,to_timestamp('25/07/08 09:19:04.546000000','RR/MM/DD HH24:MI:SSXFF'),to_timestamp('25/07/08 09:19:04.546000000','RR/MM/DD HH24:MI:SSXFF'),'318b93d6-5981-4063-966b-fc13caf1dc43','DEVICE_TYPE_MACOS',1,'be267ae8-9202-4d2c-8cad-a5718c4c7621',61);
Insert into SCOTT.USER_DEVICE (USER_DEVICE_ID,CREATED_AT,UPDATED_AT,DEVICE_ID,DEVICE_TYPE,IS_REFRESH_ACTIVE,NOTIFICATION_TOKEN,USER_ID) values (202,to_timestamp('25/07/08 09:22:11.069000000','RR/MM/DD HH24:MI:SSXFF'),to_timestamp('25/07/08 09:22:11.069000000','RR/MM/DD HH24:MI:SSXFF'),'a94b1f43-5a3e-4942-9cbf-81efe75b8915','DEVICE_TYPE_MACOS',1,'58749402-d62e-4343-8d2b-76bcca430b8d',1);
Insert into SCOTT.USER_DEVICE (USER_DEVICE_ID,CREATED_AT,UPDATED_AT,DEVICE_ID,DEVICE_TYPE,IS_REFRESH_ACTIVE,NOTIFICATION_TOKEN,USER_ID) values (203,to_timestamp('25/07/08 09:23:12.718000000','RR/MM/DD HH24:MI:SSXFF'),to_timestamp('25/07/08 09:23:12.718000000','RR/MM/DD HH24:MI:SSXFF'),'115842a7-3ae7-4232-9d26-fcf3e0d022ad','DEVICE_TYPE_MACOS',1,'3ce1c3cb-2220-4799-9798-5eb06912c2a1',64);
Insert into SCOTT.USER_DEVICE (USER_DEVICE_ID,CREATED_AT,UPDATED_AT,DEVICE_ID,DEVICE_TYPE,IS_REFRESH_ACTIVE,NOTIFICATION_TOKEN,USER_ID) values (204,to_timestamp('25/07/08 09:23:53.305000000','RR/MM/DD HH24:MI:SSXFF'),to_timestamp('25/07/08 09:23:53.305000000','RR/MM/DD HH24:MI:SSXFF'),'ada6944f-ef06-4497-a7b0-b5d014274583','DEVICE_TYPE_MACOS',1,'74855e6e-ed05-4b03-a524-4fc717eaf44a',64);
Insert into SCOTT.USER_DEVICE (USER_DEVICE_ID,CREATED_AT,UPDATED_AT,DEVICE_ID,DEVICE_TYPE,IS_REFRESH_ACTIVE,NOTIFICATION_TOKEN,USER_ID) values (205,to_timestamp('25/07/08 09:23:59.363000000','RR/MM/DD HH24:MI:SSXFF'),to_timestamp('25/07/08 09:23:59.363000000','RR/MM/DD HH24:MI:SSXFF'),'fed69071-2ead-4ae5-ba95-a218a0023fe4','DEVICE_TYPE_MACOS',1,'0792186f-bb6c-4f74-9341-87ab0119265c',64);
Insert into SCOTT.USER_DEVICE (USER_DEVICE_ID,CREATED_AT,UPDATED_AT,DEVICE_ID,DEVICE_TYPE,IS_REFRESH_ACTIVE,NOTIFICATION_TOKEN,USER_ID) values (206,to_timestamp('25/07/08 09:24:05.890000000','RR/MM/DD HH24:MI:SSXFF'),to_timestamp('25/07/08 09:24:05.890000000','RR/MM/DD HH24:MI:SSXFF'),'447b05c9-5a86-41fe-802e-09f3b3ea5f65','DEVICE_TYPE_MACOS',1,'28d65b65-0451-4139-b4d9-ce93ab07f140',1);
Insert into SCOTT.USER_DEVICE (USER_DEVICE_ID,CREATED_AT,UPDATED_AT,DEVICE_ID,DEVICE_TYPE,IS_REFRESH_ACTIVE,NOTIFICATION_TOKEN,USER_ID) values (207,to_timestamp('25/07/08 09:24:23.830000000','RR/MM/DD HH24:MI:SSXFF'),to_timestamp('25/07/08 09:24:23.830000000','RR/MM/DD HH24:MI:SSXFF'),'2d05791e-9808-4e14-a61f-4783578800e3','DEVICE_TYPE_MACOS',1,'43c0a5da-0808-4043-b354-c782b85542e0',64);
Insert into SCOTT.USER_DEVICE (USER_DEVICE_ID,CREATED_AT,UPDATED_AT,DEVICE_ID,DEVICE_TYPE,IS_REFRESH_ACTIVE,NOTIFICATION_TOKEN,USER_ID) values (208,to_timestamp('25/07/08 09:24:38.018000000','RR/MM/DD HH24:MI:SSXFF'),to_timestamp('25/07/08 09:24:38.018000000','RR/MM/DD HH24:MI:SSXFF'),'c0b80cbd-fc08-4268-9276-2d79b36641fe','DEVICE_TYPE_MACOS',1,'94fe5e3e-6b2e-4af5-9afc-767c8f5bc308',64);
Insert into SCOTT.USER_DEVICE (USER_DEVICE_ID,CREATED_AT,UPDATED_AT,DEVICE_ID,DEVICE_TYPE,IS_REFRESH_ACTIVE,NOTIFICATION_TOKEN,USER_ID) values (209,to_timestamp('25/07/08 09:24:52.619000000','RR/MM/DD HH24:MI:SSXFF'),to_timestamp('25/07/08 09:24:52.619000000','RR/MM/DD HH24:MI:SSXFF'),'749f7730-6f83-42c1-b879-902eaa1df874','DEVICE_TYPE_MACOS',1,'65906b8e-b9c5-4bfd-a147-392ee2f7b531',64);
Insert into SCOTT.USER_DEVICE (USER_DEVICE_ID,CREATED_AT,UPDATED_AT,DEVICE_ID,DEVICE_TYPE,IS_REFRESH_ACTIVE,NOTIFICATION_TOKEN,USER_ID) values (210,to_timestamp('25/07/08 09:25:09.145000000','RR/MM/DD HH24:MI:SSXFF'),to_timestamp('25/07/08 09:25:09.145000000','RR/MM/DD HH24:MI:SSXFF'),'ab65547a-c60c-4ff7-ba1a-35dbdebc0398','DEVICE_TYPE_MACOS',1,'f79875c0-9054-4529-8d45-ca638ad515a2',64);
Insert into SCOTT.USER_DEVICE (USER_DEVICE_ID,CREATED_AT,UPDATED_AT,DEVICE_ID,DEVICE_TYPE,IS_REFRESH_ACTIVE,NOTIFICATION_TOKEN,USER_ID) values (211,to_timestamp('25/07/08 09:25:47.116000000','RR/MM/DD HH24:MI:SSXFF'),to_timestamp('25/07/08 09:25:47.116000000','RR/MM/DD HH24:MI:SSXFF'),'404063a9-6c74-4dbf-b686-18780dd49641','DEVICE_TYPE_MACOS',1,'480006b0-d68c-4698-8de5-c934808c6cc1',64);
Insert into SCOTT.USER_DEVICE (USER_DEVICE_ID,CREATED_AT,UPDATED_AT,DEVICE_ID,DEVICE_TYPE,IS_REFRESH_ACTIVE,NOTIFICATION_TOKEN,USER_ID) values (212,to_timestamp('25/07/08 09:26:43.107000000','RR/MM/DD HH24:MI:SSXFF'),to_timestamp('25/07/08 09:26:43.107000000','RR/MM/DD HH24:MI:SSXFF'),'26614c57-3f02-41a2-b730-b55172e1324c','DEVICE_TYPE_MACOS',1,'5fb238e2-4820-43ed-aa56-7e69c4da734b',1);
Insert into SCOTT.USER_DEVICE (USER_DEVICE_ID,CREATED_AT,UPDATED_AT,DEVICE_ID,DEVICE_TYPE,IS_REFRESH_ACTIVE,NOTIFICATION_TOKEN,USER_ID) values (213,to_timestamp('25/07/08 09:27:34.864000000','RR/MM/DD HH24:MI:SSXFF'),to_timestamp('25/07/08 09:27:34.864000000','RR/MM/DD HH24:MI:SSXFF'),'11fe9390-4cc2-4a9c-8a06-883c99766cc5','DEVICE_TYPE_MACOS',1,'5b4b628e-821c-4116-9589-eb0cb405bcf8',62);
Insert into SCOTT.USER_DEVICE (USER_DEVICE_ID,CREATED_AT,UPDATED_AT,DEVICE_ID,DEVICE_TYPE,IS_REFRESH_ACTIVE,NOTIFICATION_TOKEN,USER_ID) values (214,to_timestamp('25/07/08 12:04:59.029000000','RR/MM/DD HH24:MI:SSXFF'),to_timestamp('25/07/08 12:04:59.029000000','RR/MM/DD HH24:MI:SSXFF'),'1a986953-80b0-4bac-8235-0774600a5dd5','DEVICE_TYPE_MACOS',1,'8666d938-238d-4565-a17b-eb4f9b54364f',61);
Insert into SCOTT.USER_DEVICE (USER_DEVICE_ID,CREATED_AT,UPDATED_AT,DEVICE_ID,DEVICE_TYPE,IS_REFRESH_ACTIVE,NOTIFICATION_TOKEN,USER_ID) values (215,to_timestamp('25/07/08 12:47:24.985000000','RR/MM/DD HH24:MI:SSXFF'),to_timestamp('25/07/08 12:47:24.985000000','RR/MM/DD HH24:MI:SSXFF'),'db1862c3-21f5-42d8-b6d4-4f3e7419714d','DEVICE_TYPE_MACOS',1,'6a7da5f7-6de2-4ae7-accf-2ea51e8c8272',66);
Insert into SCOTT.USER_DEVICE (USER_DEVICE_ID,CREATED_AT,UPDATED_AT,DEVICE_ID,DEVICE_TYPE,IS_REFRESH_ACTIVE,NOTIFICATION_TOKEN,USER_ID) values (221,to_timestamp('25/07/08 15:48:06.104000000','RR/MM/DD HH24:MI:SSXFF'),to_timestamp('25/07/08 15:48:06.104000000','RR/MM/DD HH24:MI:SSXFF'),'0fa47f4c-41bd-4d80-aceb-807ce065ea76','DEVICE_TYPE_MACOS',1,'7ce3a400-7fd0-49c1-8cf6-c2b9a92c4d18',61);
Insert into SCOTT.USER_DEVICE (USER_DEVICE_ID,CREATED_AT,UPDATED_AT,DEVICE_ID,DEVICE_TYPE,IS_REFRESH_ACTIVE,NOTIFICATION_TOKEN,USER_ID) values (222,to_timestamp('25/07/08 15:48:12.249000000','RR/MM/DD HH24:MI:SSXFF'),to_timestamp('25/07/08 15:48:12.249000000','RR/MM/DD HH24:MI:SSXFF'),'d6aa4f60-4736-45f1-9dce-79218303a663','DEVICE_TYPE_MACOS',1,'0fca112f-b5d2-46c7-81b9-8a8d22b690ac',62);
Insert into SCOTT.USER_DEVICE (USER_DEVICE_ID,CREATED_AT,UPDATED_AT,DEVICE_ID,DEVICE_TYPE,IS_REFRESH_ACTIVE,NOTIFICATION_TOKEN,USER_ID) values (223,to_timestamp('25/07/08 16:01:01.710000000','RR/MM/DD HH24:MI:SSXFF'),to_timestamp('25/07/08 16:01:01.710000000','RR/MM/DD HH24:MI:SSXFF'),'fae6bdeb-7193-4f6b-9034-0ade02289035','DEVICE_TYPE_WINDOWS',1,'88014d43-1c5c-4131-8af0-d1959f0a65d9',1);
Insert into SCOTT.USER_DEVICE (USER_DEVICE_ID,CREATED_AT,UPDATED_AT,DEVICE_ID,DEVICE_TYPE,IS_REFRESH_ACTIVE,NOTIFICATION_TOKEN,USER_ID) values (224,to_timestamp('25/07/08 16:07:26.594000000','RR/MM/DD HH24:MI:SSXFF'),to_timestamp('25/07/08 16:07:26.594000000','RR/MM/DD HH24:MI:SSXFF'),'55a8f8a2-6979-4d99-a6cc-3c1007bc98be','DEVICE_TYPE_WINDOWS',1,'08d315ba-2981-4323-820a-ba6230bcdd8d',1);
Insert into SCOTT.USER_DEVICE (USER_DEVICE_ID,CREATED_AT,UPDATED_AT,DEVICE_ID,DEVICE_TYPE,IS_REFRESH_ACTIVE,NOTIFICATION_TOKEN,USER_ID) values (225,to_timestamp('25/07/08 17:04:26.520000000','RR/MM/DD HH24:MI:SSXFF'),to_timestamp('25/07/08 17:04:26.520000000','RR/MM/DD HH24:MI:SSXFF'),'c23be3c1-8cbf-465e-a803-853a8512d1e2','DEVICE_TYPE_MACOS',1,'a19878b2-2dd4-4a80-8aa5-4ecce0d6abc5',62);
Insert into SCOTT.USER_DEVICE (USER_DEVICE_ID,CREATED_AT,UPDATED_AT,DEVICE_ID,DEVICE_TYPE,IS_REFRESH_ACTIVE,NOTIFICATION_TOKEN,USER_ID) values (232,to_timestamp('25/07/08 17:23:33.307000000','RR/MM/DD HH24:MI:SSXFF'),to_timestamp('25/07/08 17:23:33.307000000','RR/MM/DD HH24:MI:SSXFF'),'bd97c8ab-159c-4f8d-82fa-51fef7067b22','DEVICE_TYPE_MACOS',1,'61482b88-4c4d-4510-97db-af5e8811ec8d',62);
Insert into SCOTT.USER_DEVICE (USER_DEVICE_ID,CREATED_AT,UPDATED_AT,DEVICE_ID,DEVICE_TYPE,IS_REFRESH_ACTIVE,NOTIFICATION_TOKEN,USER_ID) values (238,to_timestamp('25/07/09 10:47:09.749000000','RR/MM/DD HH24:MI:SSXFF'),to_timestamp('25/07/09 10:47:09.749000000','RR/MM/DD HH24:MI:SSXFF'),'7a4e4d70-56d2-474d-804f-03aba4e25ebd','DEVICE_TYPE_MACOS',1,'f8832985-0245-4c57-8057-43e448345d24',61);
Insert into SCOTT.USER_DEVICE (USER_DEVICE_ID,CREATED_AT,UPDATED_AT,DEVICE_ID,DEVICE_TYPE,IS_REFRESH_ACTIVE,NOTIFICATION_TOKEN,USER_ID) values (239,to_timestamp('25/07/09 10:47:18.680000000','RR/MM/DD HH24:MI:SSXFF'),to_timestamp('25/07/09 10:47:18.680000000','RR/MM/DD HH24:MI:SSXFF'),'fcd4a8af-c9ba-437b-836b-16c8cc6d2be2','DEVICE_TYPE_MACOS',1,'89982ac2-f81a-4664-97ce-a75503792a29',61);
Insert into SCOTT.USER_DEVICE (USER_DEVICE_ID,CREATED_AT,UPDATED_AT,DEVICE_ID,DEVICE_TYPE,IS_REFRESH_ACTIVE,NOTIFICATION_TOKEN,USER_ID) values (240,to_timestamp('25/07/09 10:50:57.369000000','RR/MM/DD HH24:MI:SSXFF'),to_timestamp('25/07/09 10:50:57.369000000','RR/MM/DD HH24:MI:SSXFF'),'96d5c7e3-42c4-4350-b594-31549106016f','DEVICE_TYPE_MACOS',1,'957c8101-5166-4e2c-abf9-94dce5384bc7',1);
Insert into SCOTT.USER_DEVICE (USER_DEVICE_ID,CREATED_AT,UPDATED_AT,DEVICE_ID,DEVICE_TYPE,IS_REFRESH_ACTIVE,NOTIFICATION_TOKEN,USER_ID) values (241,to_timestamp('25/07/09 10:52:03.387000000','RR/MM/DD HH24:MI:SSXFF'),to_timestamp('25/07/09 10:52:03.387000000','RR/MM/DD HH24:MI:SSXFF'),'be3afaa2-3d4e-4b60-a9e1-e3446df6ebdb','DEVICE_TYPE_MACOS',1,'987370da-b2b2-450d-8de0-ca8aa6f4f5ff',61);
Insert into SCOTT.USER_DEVICE (USER_DEVICE_ID,CREATED_AT,UPDATED_AT,DEVICE_ID,DEVICE_TYPE,IS_REFRESH_ACTIVE,NOTIFICATION_TOKEN,USER_ID) values (244,to_timestamp('25/07/09 15:48:45.935000000','RR/MM/DD HH24:MI:SSXFF'),to_timestamp('25/07/09 15:48:45.935000000','RR/MM/DD HH24:MI:SSXFF'),'911f04c0-9d66-4d9d-a56d-adcc94b032d8','DEVICE_TYPE_MACOS',1,'0e606f72-642c-47c5-ad50-d12c8e73a773',61);
REM INSERTING into SCOTT.USERS
SET DEFINE OFF;
Insert into SCOTT.USERS (USER_ID,CREATED_AT,UPDATED_AT,IS_ACTIVE,EMAIL,IS_EMAIL_VERIFIED,NAME,PASSWORD,USERNAME,BIRTH) values (1,to_timestamp('25/06/17 11:30:55.490000000','RR/MM/DD HH24:MI:SSXFF'),to_timestamp('25/06/17 11:30:55.490000000','RR/MM/DD HH24:MI:SSXFF'),1,'test003@naver.com',1,'김도','$2a$10$Fh6nGwo.idPTX3A03tt7LeUtYFG/tuDLAGP1pXXjncvq/0zdsbbJ.','kimdo',null);
Insert into SCOTT.USERS (USER_ID,CREATED_AT,UPDATED_AT,IS_ACTIVE,EMAIL,IS_EMAIL_VERIFIED,NAME,PASSWORD,USERNAME,BIRTH) values (2,to_timestamp('25/06/17 11:33:03.840000000','RR/MM/DD HH24:MI:SSXFF'),to_timestamp('25/06/17 11:33:03.840000000','RR/MM/DD HH24:MI:SSXFF'),1,'test001@naver.com',1,'김수','$2a$10$C.938f3JjHQmn6msfVpn6OkkV1yuPdkDfMlkOlPtn3yw88P0M1W.2','kimsu',null);
Insert into SCOTT.USERS (USER_ID,CREATED_AT,UPDATED_AT,IS_ACTIVE,EMAIL,IS_EMAIL_VERIFIED,NAME,PASSWORD,USERNAME,BIRTH) values (49,to_timestamp('25/07/03 17:16:43.006000000','RR/MM/DD HH24:MI:SSXFF'),to_timestamp('25/07/03 17:16:43.006000000','RR/MM/DD HH24:MI:SSXFF'),1,'song6115@naver.com',1,'한기복','$2a$10$4lOrQUYirJMoqnHkJiAcPun.HwtD3RARvpolpK3ChxONJ1hfcJQNG','gksrlqhr',null);
Insert into SCOTT.USERS (USER_ID,CREATED_AT,UPDATED_AT,IS_ACTIVE,EMAIL,IS_EMAIL_VERIFIED,NAME,PASSWORD,USERNAME,BIRTH) values (63,to_timestamp('25/07/07 13:54:03.015000000','RR/MM/DD HH24:MI:SSXFF'),to_timestamp('25/07/07 13:54:03.015000000','RR/MM/DD HH24:MI:SSXFF'),1,'dlrbcjf7090@naver.com',1,'Test2','$2a$10$t1TGW11WlJ6lvRslkMWvJuf8PZEc2pjS.dIC8MliMGztJZ/h0Bhy6','Test2',null);
Insert into SCOTT.USERS (USER_ID,CREATED_AT,UPDATED_AT,IS_ACTIVE,EMAIL,IS_EMAIL_VERIFIED,NAME,PASSWORD,USERNAME,BIRTH) values (23,to_timestamp('25/06/30 16:35:03.220000000','RR/MM/DD HH24:MI:SSXFF'),to_timestamp('25/06/30 16:35:03.220000000','RR/MM/DD HH24:MI:SSXFF'),1,'wegwe1g@naver.com',1,'추시','$2a$10$UkLYpz8TAU3CAq4e9wpX.uPol5a6E/2U8FhFpeKsOK4QQk29bbQ3i','kimdo3',null);
Insert into SCOTT.USERS (USER_ID,CREATED_AT,UPDATED_AT,IS_ACTIVE,EMAIL,IS_EMAIL_VERIFIED,NAME,PASSWORD,USERNAME,BIRTH) values (24,to_timestamp('25/06/30 16:35:45.789000000','RR/MM/DD HH24:MI:SSXFF'),to_timestamp('25/06/30 16:35:45.789000000','RR/MM/DD HH24:MI:SSXFF'),1,'wegwe11g@naver.com',1,'추시','$2a$10$k6NEjrJKvwq.3EhBjbaK1e0Fl0cYv4zBETCDrNfyjGEHrdviYXpsW','kimdo4',null);
Insert into SCOTT.USERS (USER_ID,CREATED_AT,UPDATED_AT,IS_ACTIVE,EMAIL,IS_EMAIL_VERIFIED,NAME,PASSWORD,USERNAME,BIRTH) values (42,to_timestamp('25/07/02 17:27:36.000000000','RR/MM/DD HH24:MI:SSXFF'),to_timestamp('25/07/02 17:27:36.000000000','RR/MM/DD HH24:MI:SSXFF'),1,'admin01@example.com',1,'관리자','$2a$10$6djq1bEuxBLrP8KZs/Z3aeDMWSwUNgH8dzEJUphK//NDcG9js7PKK','admin01',null);
Insert into SCOTT.USERS (USER_ID,CREATED_AT,UPDATED_AT,IS_ACTIVE,EMAIL,IS_EMAIL_VERIFIED,NAME,PASSWORD,USERNAME,BIRTH) values (46,to_timestamp('25/07/03 15:20:15.745000000','RR/MM/DD HH24:MI:SSXFF'),to_timestamp('25/07/03 15:20:15.745000000','RR/MM/DD HH24:MI:SSXFF'),1,'sonjun119@gmail.com',1,'괴물','$2a$10$rcKHv2r8Zpkf6ilWk9pMOO4a/O4RFvzRgojUFOn.vO9JKRMrZfXoe','monster',null);
Insert into SCOTT.USERS (USER_ID,CREATED_AT,UPDATED_AT,IS_ACTIVE,EMAIL,IS_EMAIL_VERIFIED,NAME,PASSWORD,USERNAME,BIRTH) values (47,to_timestamp('25/07/03 17:02:39.899000000','RR/MM/DD HH24:MI:SSXFF'),to_timestamp('25/07/03 17:02:39.899000000','RR/MM/DD HH24:MI:SSXFF'),1,'sonjun119@gmail.com',1,'거북이','$2a$10$21IZDbPOgqjcuK6aTIFbBu5jOfaqybdd2iYVlBZW0CGgVMLdiJUYS','turtle',null);
Insert into SCOTT.USERS (USER_ID,CREATED_AT,UPDATED_AT,IS_ACTIVE,EMAIL,IS_EMAIL_VERIFIED,NAME,PASSWORD,USERNAME,BIRTH) values (44,to_timestamp('25/07/03 12:37:01.883000000','RR/MM/DD HH24:MI:SSXFF'),to_timestamp('25/07/03 12:37:01.883000000','RR/MM/DD HH24:MI:SSXFF'),1,'sonjun119@gmail.com',1,'손준','$2a$10$1EPEV.ligBOPAkTJkbvcW.7OXS9DYPNCFzMtDQ107.FeAGR5TRzT6','looksam',null);
Insert into SCOTT.USERS (USER_ID,CREATED_AT,UPDATED_AT,IS_ACTIVE,EMAIL,IS_EMAIL_VERIFIED,NAME,PASSWORD,USERNAME,BIRTH) values (45,to_timestamp('25/07/03 12:47:30.712000000','RR/MM/DD HH24:MI:SSXFF'),to_timestamp('25/07/03 12:47:30.712000000','RR/MM/DD HH24:MI:SSXFF'),1,'sonjun119@gmail.com',1,'테스트','$2a$10$6Mi3YLDkR0ca.FCV4Wrbb.H/tL4qFNzc8n8m3vRC1W0PhJn8qzzom','test',null);
Insert into SCOTT.USERS (USER_ID,CREATED_AT,UPDATED_AT,IS_ACTIVE,EMAIL,IS_EMAIL_VERIFIED,NAME,PASSWORD,USERNAME,BIRTH) values (48,to_timestamp('25/07/03 17:09:07.809000000','RR/MM/DD HH24:MI:SSXFF'),to_timestamp('25/07/03 17:09:07.809000000','RR/MM/DD HH24:MI:SSXFF'),1,'sonjun119@gmail.com',1,'착장','$2a$10$29hu1aPyyAC3eBQUsW5ECOgCBpwZTWx70lEIiOFLBrE31WejrL2le','OOTD',null);
Insert into SCOTT.USERS (USER_ID,CREATED_AT,UPDATED_AT,IS_ACTIVE,EMAIL,IS_EMAIL_VERIFIED,NAME,PASSWORD,USERNAME,BIRTH) values (61,to_timestamp('25/07/07 12:29:34.731000000','RR/MM/DD HH24:MI:SSXFF'),to_timestamp('25/07/07 12:29:34.731000000','RR/MM/DD HH24:MI:SSXFF'),1,'dlrbcjf7090@naver.com',1,'이규철','$2a$10$9YElx52/3Z5aF6wY75MyVOfuc7kvDS3lC89JDDjRVutz8X7JVCETC','dlrbcjf7090',null);
Insert into SCOTT.USERS (USER_ID,CREATED_AT,UPDATED_AT,IS_ACTIVE,EMAIL,IS_EMAIL_VERIFIED,NAME,PASSWORD,USERNAME,BIRTH) values (62,to_timestamp('25/07/07 13:08:23.603000000','RR/MM/DD HH24:MI:SSXFF'),to_timestamp('25/07/07 13:08:23.603000000','RR/MM/DD HH24:MI:SSXFF'),1,'dlrbcjf7090@naver.com',1,'Test','$2a$10$kzWicIvyhz00sgG0FBwU5ePOtA1xiduvkNNyWZmypDsfKqALUShl.','Test',null);
Insert into SCOTT.USERS (USER_ID,CREATED_AT,UPDATED_AT,IS_ACTIVE,EMAIL,IS_EMAIL_VERIFIED,NAME,PASSWORD,USERNAME,BIRTH) values (68,to_timestamp('25/07/08 17:11:13.621000000','RR/MM/DD HH24:MI:SSXFF'),to_timestamp('25/07/08 17:11:13.621000000','RR/MM/DD HH24:MI:SSXFF'),1,'song6115@naver.com',1,'호이잇','$2a$10$pg.0JO2dKgONH1O5bLh4nu3emCv3/eQAsUTOddtS5iEK0uR9n0o2m','rlqhr',null);
Insert into SCOTT.USERS (USER_ID,CREATED_AT,UPDATED_AT,IS_ACTIVE,EMAIL,IS_EMAIL_VERIFIED,NAME,PASSWORD,USERNAME,BIRTH) values (21,to_timestamp('25/06/30 16:21:48.913000000','RR/MM/DD HH24:MI:SSXFF'),to_timestamp('25/06/30 16:21:48.913000000','RR/MM/DD HH24:MI:SSXFF'),1,'shtndlf@naver.com',1,'어드민','$2a$10$S1zPqx2U3ylZzU4cQepNEuWY4BxCskas9k5U/9NiS8PI0fckx0Mnq','admin',null);
Insert into SCOTT.USERS (USER_ID,CREATED_AT,UPDATED_AT,IS_ACTIVE,EMAIL,IS_EMAIL_VERIFIED,NAME,PASSWORD,USERNAME,BIRTH) values (22,to_timestamp('25/06/30 16:27:40.162000000','RR/MM/DD HH24:MI:SSXFF'),to_timestamp('25/06/30 16:27:40.162000000','RR/MM/DD HH24:MI:SSXFF'),1,'wegweg@naver.com',1,'어드민','$2a$10$RQVt9n7SOuT6UAPDdIz5c.BnaZw3.olhZG0US0Nntz2/D.V1ymeDq','kimdo2',null);
Insert into SCOTT.USERS (USER_ID,CREATED_AT,UPDATED_AT,IS_ACTIVE,EMAIL,IS_EMAIL_VERIFIED,NAME,PASSWORD,USERNAME,BIRTH) values (64,to_timestamp('25/07/08 09:23:07.319000000','RR/MM/DD HH24:MI:SSXFF'),to_timestamp('25/07/08 09:23:07.319000000','RR/MM/DD HH24:MI:SSXFF'),1,'33',1,'한기복','$2a$10$OyBw8yjxt/k70i5w3bkaN.3xPSZOzeQE3wa4HxP9WuIGuGW/VxBeG','kbtest',null);
Insert into SCOTT.USERS (USER_ID,CREATED_AT,UPDATED_AT,IS_ACTIVE,EMAIL,IS_EMAIL_VERIFIED,NAME,PASSWORD,USERNAME,BIRTH) values (65,to_timestamp('25/07/08 09:42:49.483000000','RR/MM/DD HH24:MI:SSXFF'),to_timestamp('25/07/08 09:42:49.483000000','RR/MM/DD HH24:MI:SSXFF'),1,'33',1,'하하','$2a$10$MO2439fUiN8bfYNXAHpLk.lJKoKnKsZ0Rt0Uv8SHgvBxjwlrMdqL6','fff',null);
Insert into SCOTT.USERS (USER_ID,CREATED_AT,UPDATED_AT,IS_ACTIVE,EMAIL,IS_EMAIL_VERIFIED,NAME,PASSWORD,USERNAME,BIRTH) values (66,to_timestamp('25/07/08 12:47:00.571000000','RR/MM/DD HH24:MI:SSXFF'),to_timestamp('25/07/08 12:47:00.571000000','RR/MM/DD HH24:MI:SSXFF'),1,'sng6115@naver.com',1,'하하','$2a$10$ZIV7UlI9n.Ii1UiC40QdYOaLChF2w03OpcPpc3LUsVqtS1a/b964m','roletest',null);
Insert into SCOTT.USERS (USER_ID,CREATED_AT,UPDATED_AT,IS_ACTIVE,EMAIL,IS_EMAIL_VERIFIED,NAME,PASSWORD,USERNAME,BIRTH) values (67,to_timestamp('25/07/08 12:49:11.902000000','RR/MM/DD HH24:MI:SSXFF'),to_timestamp('25/07/08 12:49:11.902000000','RR/MM/DD HH24:MI:SSXFF'),1,'ff',1,'해해','$2a$10$7rzDZOiNCNsx0yt6O1F/6OuieY4yTMmFq4njqg48L5L0PHFrBmV.K','roletest2',null);
--------------------------------------------------------
--  DDL for Index UK_GAMECART_USER_CART
--------------------------------------------------------

  CREATE UNIQUE INDEX "SCOTT"."UK_GAMECART_USER_CART" ON "SCOTT"."GAME_CART" ("USER_NAME", "CART_ID") 
  PCTFREE 10 INITRANS 2 MAXTRANS 255 COMPUTE STATISTICS 
  STORAGE(INITIAL 65536 NEXT 1048576 MINEXTENTS 1 MAXEXTENTS 2147483645
  PCTINCREASE 0 FREELISTS 1 FREELIST GROUPS 1
  BUFFER_POOL DEFAULT FLASH_CACHE DEFAULT CELL_FLASH_CACHE DEFAULT)
  TABLESPACE "USERS" ;
--------------------------------------------------------
--  DDL for Index SYS_C008709
--------------------------------------------------------

  CREATE UNIQUE INDEX "SCOTT"."SYS_C008709" ON "SCOTT"."GAME_CART" ("CART_ID") 
  PCTFREE 10 INITRANS 2 MAXTRANS 255 COMPUTE STATISTICS 
  STORAGE(INITIAL 65536 NEXT 1048576 MINEXTENTS 1 MAXEXTENTS 2147483645
  PCTINCREASE 0 FREELISTS 1 FREELIST GROUPS 1
  BUFFER_POOL DEFAULT FLASH_CACHE DEFAULT CELL_FLASH_CACHE DEFAULT)
  TABLESPACE "USERS" ;
--------------------------------------------------------
--  DDL for Index SYS_C008717
--------------------------------------------------------

  CREATE UNIQUE INDEX "SCOTT"."SYS_C008717" ON "SCOTT"."GAME_DISCOUNT" ("DISCOUNT_ID") 
  PCTFREE 10 INITRANS 2 MAXTRANS 255 COMPUTE STATISTICS 
  STORAGE(INITIAL 65536 NEXT 1048576 MINEXTENTS 1 MAXEXTENTS 2147483645
  PCTINCREASE 0 FREELISTS 1 FREELIST GROUPS 1
  BUFFER_POOL DEFAULT FLASH_CACHE DEFAULT CELL_FLASH_CACHE DEFAULT)
  TABLESPACE "USERS" ;
--------------------------------------------------------
--  DDL for Index IDX_DISCOUNT_UNIQUE
--------------------------------------------------------

  CREATE UNIQUE INDEX "SCOTT"."IDX_DISCOUNT_UNIQUE" ON "SCOTT"."GAME_DISCOUNT" ("USER_NAME", "GAME_ID") 
  PCTFREE 10 INITRANS 2 MAXTRANS 255 COMPUTE STATISTICS 
  STORAGE(INITIAL 65536 NEXT 1048576 MINEXTENTS 1 MAXEXTENTS 2147483645
  PCTINCREASE 0 FREELISTS 1 FREELIST GROUPS 1
  BUFFER_POOL DEFAULT FLASH_CACHE DEFAULT CELL_FLASH_CACHE DEFAULT)
  TABLESPACE "USERS" ;
--------------------------------------------------------
--  DDL for Index UQ_GAME_DISCOUNT_GAME_ID
--------------------------------------------------------

  CREATE UNIQUE INDEX "SCOTT"."UQ_GAME_DISCOUNT_GAME_ID" ON "SCOTT"."GAME_DISCOUNT" ("GAME_ID") 
  PCTFREE 10 INITRANS 2 MAXTRANS 255 COMPUTE STATISTICS 
  STORAGE(INITIAL 65536 NEXT 1048576 MINEXTENTS 1 MAXEXTENTS 2147483645
  PCTINCREASE 0 FREELISTS 1 FREELIST GROUPS 1
  BUFFER_POOL DEFAULT FLASH_CACHE DEFAULT CELL_FLASH_CACHE DEFAULT)
  TABLESPACE "USERS" ;
--------------------------------------------------------
--  DDL for Index SYS_C008728
--------------------------------------------------------

  CREATE UNIQUE INDEX "SCOTT"."SYS_C008728" ON "SCOTT"."GAME_GROUP_APPLICANT" ("APPLICANT_ID") 
  PCTFREE 10 INITRANS 2 MAXTRANS 255 
  STORAGE(INITIAL 65536 NEXT 1048576 MINEXTENTS 1 MAXEXTENTS 2147483645
  PCTINCREASE 0 FREELISTS 1 FREELIST GROUPS 1
  BUFFER_POOL DEFAULT FLASH_CACHE DEFAULT CELL_FLASH_CACHE DEFAULT)
  TABLESPACE "USERS" ;
--------------------------------------------------------
--  DDL for Index UK_GAME_USER
--------------------------------------------------------

  CREATE UNIQUE INDEX "SCOTT"."UK_GAME_USER" ON "SCOTT"."GAME_GROUP_APPLICANT" ("GAME_ID", "USER_NAME") 
  PCTFREE 10 INITRANS 2 MAXTRANS 255 
  STORAGE(INITIAL 65536 NEXT 1048576 MINEXTENTS 1 MAXEXTENTS 2147483645
  PCTINCREASE 0 FREELISTS 1 FREELIST GROUPS 1
  BUFFER_POOL DEFAULT FLASH_CACHE DEFAULT CELL_FLASH_CACHE DEFAULT)
  TABLESPACE "USERS" ;
--------------------------------------------------------
--  DDL for Index SYS_C008723
--------------------------------------------------------

  CREATE UNIQUE INDEX "SCOTT"."SYS_C008723" ON "SCOTT"."GAME_GROUP_PURCHASE" ("GROUP_ID") 
  PCTFREE 10 INITRANS 2 MAXTRANS 255 
  STORAGE(INITIAL 65536 NEXT 1048576 MINEXTENTS 1 MAXEXTENTS 2147483645
  PCTINCREASE 0 FREELISTS 1 FREELIST GROUPS 1
  BUFFER_POOL DEFAULT FLASH_CACHE DEFAULT CELL_FLASH_CACHE DEFAULT)
  TABLESPACE "USERS" ;
--------------------------------------------------------
--  DDL for Index UK_GAME_ID
--------------------------------------------------------

  CREATE UNIQUE INDEX "SCOTT"."UK_GAME_ID" ON "SCOTT"."GAME_GROUP_PURCHASE" ("GAME_ID") 
  PCTFREE 10 INITRANS 2 MAXTRANS 255 COMPUTE STATISTICS 
  STORAGE(INITIAL 65536 NEXT 1048576 MINEXTENTS 1 MAXEXTENTS 2147483645
  PCTINCREASE 0 FREELISTS 1 FREELIST GROUPS 1
  BUFFER_POOL DEFAULT FLASH_CACHE DEFAULT CELL_FLASH_CACHE DEFAULT)
  TABLESPACE "USERS" ;
--------------------------------------------------------
--  DDL for Index SYS_C008689
--------------------------------------------------------

  CREATE UNIQUE INDEX "SCOTT"."SYS_C008689" ON "SCOTT"."GAME_LIKE" ("LIKE_ID") 
  PCTFREE 10 INITRANS 2 MAXTRANS 255 COMPUTE STATISTICS 
  STORAGE(INITIAL 65536 NEXT 1048576 MINEXTENTS 1 MAXEXTENTS 2147483645
  PCTINCREASE 0 FREELISTS 1 FREELIST GROUPS 1
  BUFFER_POOL DEFAULT FLASH_CACHE DEFAULT CELL_FLASH_CACHE DEFAULT)
  TABLESPACE "USERS" ;
--------------------------------------------------------
--  DDL for Index UQ_GF_USER_GAME
--------------------------------------------------------

  CREATE UNIQUE INDEX "SCOTT"."UQ_GF_USER_GAME" ON "SCOTT"."GAME_LIKE" ("USER_NAME", "GAME_ID") 
  PCTFREE 10 INITRANS 2 MAXTRANS 255 COMPUTE STATISTICS 
  STORAGE(INITIAL 65536 NEXT 1048576 MINEXTENTS 1 MAXEXTENTS 2147483645
  PCTINCREASE 0 FREELISTS 1 FREELIST GROUPS 1
  BUFFER_POOL DEFAULT FLASH_CACHE DEFAULT CELL_FLASH_CACHE DEFAULT)
  TABLESPACE "USERS" ;
--------------------------------------------------------
--  DDL for Index SYS_C008751
--------------------------------------------------------

  CREATE UNIQUE INDEX "SCOTT"."SYS_C008751" ON "SCOTT"."INQUIRY" ("INQUIRY_ID") 
  PCTFREE 10 INITRANS 2 MAXTRANS 255 
  STORAGE(INITIAL 65536 NEXT 1048576 MINEXTENTS 1 MAXEXTENTS 2147483645
  PCTINCREASE 0 FREELISTS 1 FREELIST GROUPS 1
  BUFFER_POOL DEFAULT FLASH_CACHE DEFAULT CELL_FLASH_CACHE DEFAULT)
  TABLESPACE "USERS" ;
--------------------------------------------------------
--  DDL for Index SYS_C008620
--------------------------------------------------------

  CREATE UNIQUE INDEX "SCOTT"."SYS_C008620" ON "SCOTT"."REFRESH_TOKEN" ("TOKEN_ID") 
  PCTFREE 10 INITRANS 2 MAXTRANS 255 COMPUTE STATISTICS 
  STORAGE(INITIAL 65536 NEXT 1048576 MINEXTENTS 1 MAXEXTENTS 2147483645
  PCTINCREASE 0 FREELISTS 1 FREELIST GROUPS 1
  BUFFER_POOL DEFAULT FLASH_CACHE DEFAULT CELL_FLASH_CACHE DEFAULT)
  TABLESPACE "USERS" ;
--------------------------------------------------------
--  DDL for Index UK_8OGX3EJSBFBF2XSGL4758OTRM
--------------------------------------------------------

  CREATE UNIQUE INDEX "SCOTT"."UK_8OGX3EJSBFBF2XSGL4758OTRM" ON "SCOTT"."REFRESH_TOKEN" ("USER_DEVICE_ID") 
  PCTFREE 10 INITRANS 2 MAXTRANS 255 COMPUTE STATISTICS 
  STORAGE(INITIAL 65536 NEXT 1048576 MINEXTENTS 1 MAXEXTENTS 2147483645
  PCTINCREASE 0 FREELISTS 1 FREELIST GROUPS 1
  BUFFER_POOL DEFAULT FLASH_CACHE DEFAULT CELL_FLASH_CACHE DEFAULT)
  TABLESPACE "USERS" ;
--------------------------------------------------------
--  DDL for Index UK_R4K4EDOS30BX9NEOQ81MDVWPH
--------------------------------------------------------

  CREATE UNIQUE INDEX "SCOTT"."UK_R4K4EDOS30BX9NEOQ81MDVWPH" ON "SCOTT"."REFRESH_TOKEN" ("TOKEN") 
  PCTFREE 10 INITRANS 2 MAXTRANS 255 COMPUTE STATISTICS 
  STORAGE(INITIAL 65536 NEXT 1048576 MINEXTENTS 1 MAXEXTENTS 2147483645
  PCTINCREASE 0 FREELISTS 1 FREELIST GROUPS 1
  BUFFER_POOL DEFAULT FLASH_CACHE DEFAULT CELL_FLASH_CACHE DEFAULT)
  TABLESPACE "USERS" ;
--------------------------------------------------------
--  DDL for Index SYS_C008669
--------------------------------------------------------

  CREATE UNIQUE INDEX "SCOTT"."SYS_C008669" ON "SCOTT"."REVIEW" ("REVIEW_ID") 
  PCTFREE 10 INITRANS 2 MAXTRANS 255 COMPUTE STATISTICS 
  STORAGE(INITIAL 65536 NEXT 1048576 MINEXTENTS 1 MAXEXTENTS 2147483645
  PCTINCREASE 0 FREELISTS 1 FREELIST GROUPS 1
  BUFFER_POOL DEFAULT FLASH_CACHE DEFAULT CELL_FLASH_CACHE DEFAULT)
  TABLESPACE "USERS" ;
--------------------------------------------------------
--  DDL for Index UQ_USER_GAME
--------------------------------------------------------

  CREATE UNIQUE INDEX "SCOTT"."UQ_USER_GAME" ON "SCOTT"."REVIEW" ("USER_NAME", "GAME_ID") 
  PCTFREE 10 INITRANS 2 MAXTRANS 255 COMPUTE STATISTICS 
  STORAGE(INITIAL 65536 NEXT 1048576 MINEXTENTS 1 MAXEXTENTS 2147483645
  PCTINCREASE 0 FREELISTS 1 FREELIST GROUPS 1
  BUFFER_POOL DEFAULT FLASH_CACHE DEFAULT CELL_FLASH_CACHE DEFAULT)
  TABLESPACE "USERS" ;
--------------------------------------------------------
--  DDL for Index SYS_C008622
--------------------------------------------------------

  CREATE UNIQUE INDEX "SCOTT"."SYS_C008622" ON "SCOTT"."ROLE" ("ROLE_ID") 
  PCTFREE 10 INITRANS 2 MAXTRANS 255 COMPUTE STATISTICS 
  STORAGE(INITIAL 65536 NEXT 1048576 MINEXTENTS 1 MAXEXTENTS 2147483645
  PCTINCREASE 0 FREELISTS 1 FREELIST GROUPS 1
  BUFFER_POOL DEFAULT FLASH_CACHE DEFAULT CELL_FLASH_CACHE DEFAULT)
  TABLESPACE "USERS" ;
--------------------------------------------------------
--  DDL for Index UK_EPK9IM9L9Q67XMWI4HBED25DO
--------------------------------------------------------

  CREATE UNIQUE INDEX "SCOTT"."UK_EPK9IM9L9Q67XMWI4HBED25DO" ON "SCOTT"."ROLE" ("ROLE_NAME") 
  PCTFREE 10 INITRANS 2 MAXTRANS 255 COMPUTE STATISTICS 
  STORAGE(INITIAL 65536 NEXT 1048576 MINEXTENTS 1 MAXEXTENTS 2147483645
  PCTINCREASE 0 FREELISTS 1 FREELIST GROUPS 1
  BUFFER_POOL DEFAULT FLASH_CACHE DEFAULT CELL_FLASH_CACHE DEFAULT)
  TABLESPACE "USERS" ;
--------------------------------------------------------
--  DDL for Index SYS_C008625
--------------------------------------------------------

  CREATE UNIQUE INDEX "SCOTT"."SYS_C008625" ON "SCOTT"."USER_AUTHORITY" ("USER_ID", "ROLE_ID") 
  PCTFREE 10 INITRANS 2 MAXTRANS 255 COMPUTE STATISTICS 
  STORAGE(INITIAL 65536 NEXT 1048576 MINEXTENTS 1 MAXEXTENTS 2147483645
  PCTINCREASE 0 FREELISTS 1 FREELIST GROUPS 1
  BUFFER_POOL DEFAULT FLASH_CACHE DEFAULT CELL_FLASH_CACHE DEFAULT)
  TABLESPACE "USERS" ;
--------------------------------------------------------
--  DDL for Index SYS_C008631
--------------------------------------------------------

  CREATE UNIQUE INDEX "SCOTT"."SYS_C008631" ON "SCOTT"."USER_DEVICE" ("USER_DEVICE_ID") 
  PCTFREE 10 INITRANS 2 MAXTRANS 255 COMPUTE STATISTICS 
  STORAGE(INITIAL 65536 NEXT 1048576 MINEXTENTS 1 MAXEXTENTS 2147483645
  PCTINCREASE 0 FREELISTS 1 FREELIST GROUPS 1
  BUFFER_POOL DEFAULT FLASH_CACHE DEFAULT CELL_FLASH_CACHE DEFAULT)
  TABLESPACE "USERS" ;
--------------------------------------------------------
--  DDL for Index SYS_C008638
--------------------------------------------------------

  CREATE UNIQUE INDEX "SCOTT"."SYS_C008638" ON "SCOTT"."USERS" ("USER_ID") 
  PCTFREE 10 INITRANS 2 MAXTRANS 255 COMPUTE STATISTICS 
  STORAGE(INITIAL 65536 NEXT 1048576 MINEXTENTS 1 MAXEXTENTS 2147483645
  PCTINCREASE 0 FREELISTS 1 FREELIST GROUPS 1
  BUFFER_POOL DEFAULT FLASH_CACHE DEFAULT CELL_FLASH_CACHE DEFAULT)
  TABLESPACE "USERS" ;
--------------------------------------------------------
--  DDL for Index UK_R43AF9AP4EDM43MMTQ01ODDJ6
--------------------------------------------------------

  CREATE UNIQUE INDEX "SCOTT"."UK_R43AF9AP4EDM43MMTQ01ODDJ6" ON "SCOTT"."USERS" ("USERNAME") 
  PCTFREE 10 INITRANS 2 MAXTRANS 255 COMPUTE STATISTICS 
  STORAGE(INITIAL 65536 NEXT 1048576 MINEXTENTS 1 MAXEXTENTS 2147483645
  PCTINCREASE 0 FREELISTS 1 FREELIST GROUPS 1
  BUFFER_POOL DEFAULT FLASH_CACHE DEFAULT CELL_FLASH_CACHE DEFAULT)
  TABLESPACE "USERS" ;
--------------------------------------------------------
--  Constraints for Table GAME_CART
--------------------------------------------------------

  ALTER TABLE "SCOTT"."GAME_CART" MODIFY ("CART_ID" NOT NULL ENABLE);
  ALTER TABLE "SCOTT"."GAME_CART" MODIFY ("USER_NAME" NOT NULL ENABLE);
  ALTER TABLE "SCOTT"."GAME_CART" MODIFY ("GAME_ID" NOT NULL ENABLE);
  ALTER TABLE "SCOTT"."GAME_CART" MODIFY ("TITLE" NOT NULL ENABLE);
  ALTER TABLE "SCOTT"."GAME_CART" MODIFY ("PRICE" NOT NULL ENABLE);
  ALTER TABLE "SCOTT"."GAME_CART" ADD PRIMARY KEY ("CART_ID")
  USING INDEX PCTFREE 10 INITRANS 2 MAXTRANS 255 COMPUTE STATISTICS 
  STORAGE(INITIAL 65536 NEXT 1048576 MINEXTENTS 1 MAXEXTENTS 2147483645
  PCTINCREASE 0 FREELISTS 1 FREELIST GROUPS 1
  BUFFER_POOL DEFAULT FLASH_CACHE DEFAULT CELL_FLASH_CACHE DEFAULT)
  TABLESPACE "USERS"  ENABLE;
  ALTER TABLE "SCOTT"."GAME_CART" ADD CONSTRAINT "UK_GAMECART_USER_CART" UNIQUE ("USER_NAME", "CART_ID")
  USING INDEX PCTFREE 10 INITRANS 2 MAXTRANS 255 COMPUTE STATISTICS 
  STORAGE(INITIAL 65536 NEXT 1048576 MINEXTENTS 1 MAXEXTENTS 2147483645
  PCTINCREASE 0 FREELISTS 1 FREELIST GROUPS 1
  BUFFER_POOL DEFAULT FLASH_CACHE DEFAULT CELL_FLASH_CACHE DEFAULT)
  TABLESPACE "USERS"  ENABLE;
--------------------------------------------------------
--  Constraints for Table GAME_DISCOUNT
--------------------------------------------------------

  ALTER TABLE "SCOTT"."GAME_DISCOUNT" MODIFY ("DISCOUNT_ID" NOT NULL ENABLE);
  ALTER TABLE "SCOTT"."GAME_DISCOUNT" MODIFY ("USER_NAME" NOT NULL ENABLE);
  ALTER TABLE "SCOTT"."GAME_DISCOUNT" MODIFY ("GAME_ID" NOT NULL ENABLE);
  ALTER TABLE "SCOTT"."GAME_DISCOUNT" MODIFY ("TITLE" NOT NULL ENABLE);
  ALTER TABLE "SCOTT"."GAME_DISCOUNT" MODIFY ("PRICE" NOT NULL ENABLE);
  ALTER TABLE "SCOTT"."GAME_DISCOUNT" MODIFY ("SALE_PRICE" NOT NULL ENABLE);
  ALTER TABLE "SCOTT"."GAME_DISCOUNT" ADD PRIMARY KEY ("DISCOUNT_ID")
  USING INDEX PCTFREE 10 INITRANS 2 MAXTRANS 255 COMPUTE STATISTICS 
  STORAGE(INITIAL 65536 NEXT 1048576 MINEXTENTS 1 MAXEXTENTS 2147483645
  PCTINCREASE 0 FREELISTS 1 FREELIST GROUPS 1
  BUFFER_POOL DEFAULT FLASH_CACHE DEFAULT CELL_FLASH_CACHE DEFAULT)
  TABLESPACE "USERS"  ENABLE;
  ALTER TABLE "SCOTT"."GAME_DISCOUNT" ADD CONSTRAINT "UQ_GAME_DISCOUNT_GAME_ID" UNIQUE ("GAME_ID")
  USING INDEX PCTFREE 10 INITRANS 2 MAXTRANS 255 COMPUTE STATISTICS 
  STORAGE(INITIAL 65536 NEXT 1048576 MINEXTENTS 1 MAXEXTENTS 2147483645
  PCTINCREASE 0 FREELISTS 1 FREELIST GROUPS 1
  BUFFER_POOL DEFAULT FLASH_CACHE DEFAULT CELL_FLASH_CACHE DEFAULT)
  TABLESPACE "USERS"  ENABLE;
--------------------------------------------------------
--  Constraints for Table GAME_GROUP_APPLICANT
--------------------------------------------------------

  ALTER TABLE "SCOTT"."GAME_GROUP_APPLICANT" MODIFY ("APPLICANT_ID" NOT NULL ENABLE);
  ALTER TABLE "SCOTT"."GAME_GROUP_APPLICANT" MODIFY ("GAME_ID" NOT NULL ENABLE);
  ALTER TABLE "SCOTT"."GAME_GROUP_APPLICANT" MODIFY ("USER_NAME" NOT NULL ENABLE);
  ALTER TABLE "SCOTT"."GAME_GROUP_APPLICANT" ADD PRIMARY KEY ("APPLICANT_ID")
  USING INDEX PCTFREE 10 INITRANS 2 MAXTRANS 255 
  STORAGE(INITIAL 65536 NEXT 1048576 MINEXTENTS 1 MAXEXTENTS 2147483645
  PCTINCREASE 0 FREELISTS 1 FREELIST GROUPS 1
  BUFFER_POOL DEFAULT FLASH_CACHE DEFAULT CELL_FLASH_CACHE DEFAULT)
  TABLESPACE "USERS"  ENABLE;
  ALTER TABLE "SCOTT"."GAME_GROUP_APPLICANT" ADD CONSTRAINT "UK_GAME_USER" UNIQUE ("GAME_ID", "USER_NAME")
  USING INDEX PCTFREE 10 INITRANS 2 MAXTRANS 255 
  STORAGE(INITIAL 65536 NEXT 1048576 MINEXTENTS 1 MAXEXTENTS 2147483645
  PCTINCREASE 0 FREELISTS 1 FREELIST GROUPS 1
  BUFFER_POOL DEFAULT FLASH_CACHE DEFAULT CELL_FLASH_CACHE DEFAULT)
  TABLESPACE "USERS"  ENABLE;
  ALTER TABLE "SCOTT"."GAME_GROUP_APPLICANT" MODIFY ("CREATED_AT" NOT NULL ENABLE);
--------------------------------------------------------
--  Constraints for Table GAME_GROUP_PURCHASE
--------------------------------------------------------

  ALTER TABLE "SCOTT"."GAME_GROUP_PURCHASE" MODIFY ("GROUP_ID" NOT NULL ENABLE);
  ALTER TABLE "SCOTT"."GAME_GROUP_PURCHASE" MODIFY ("USER_NAME" NOT NULL ENABLE);
  ALTER TABLE "SCOTT"."GAME_GROUP_PURCHASE" MODIFY ("GAME_ID" NOT NULL ENABLE);
  ALTER TABLE "SCOTT"."GAME_GROUP_PURCHASE" MODIFY ("APPLICANTS" NOT NULL ENABLE);
  ALTER TABLE "SCOTT"."GAME_GROUP_PURCHASE" ADD PRIMARY KEY ("GROUP_ID")
  USING INDEX PCTFREE 10 INITRANS 2 MAXTRANS 255 
  STORAGE(INITIAL 65536 NEXT 1048576 MINEXTENTS 1 MAXEXTENTS 2147483645
  PCTINCREASE 0 FREELISTS 1 FREELIST GROUPS 1
  BUFFER_POOL DEFAULT FLASH_CACHE DEFAULT CELL_FLASH_CACHE DEFAULT)
  TABLESPACE "USERS"  ENABLE;
  ALTER TABLE "SCOTT"."GAME_GROUP_PURCHASE" ADD CONSTRAINT "UK_GAME_ID" UNIQUE ("GAME_ID")
  USING INDEX PCTFREE 10 INITRANS 2 MAXTRANS 255 COMPUTE STATISTICS 
  STORAGE(INITIAL 65536 NEXT 1048576 MINEXTENTS 1 MAXEXTENTS 2147483645
  PCTINCREASE 0 FREELISTS 1 FREELIST GROUPS 1
  BUFFER_POOL DEFAULT FLASH_CACHE DEFAULT CELL_FLASH_CACHE DEFAULT)
  TABLESPACE "USERS"  ENABLE;
--------------------------------------------------------
--  Constraints for Table GAME_LIKE
--------------------------------------------------------

  ALTER TABLE "SCOTT"."GAME_LIKE" MODIFY ("LIKE_ID" NOT NULL ENABLE);
  ALTER TABLE "SCOTT"."GAME_LIKE" MODIFY ("USER_NAME" NOT NULL ENABLE);
  ALTER TABLE "SCOTT"."GAME_LIKE" MODIFY ("GAME_ID" NOT NULL ENABLE);
  ALTER TABLE "SCOTT"."GAME_LIKE" MODIFY ("TITLE" NOT NULL ENABLE);
  ALTER TABLE "SCOTT"."GAME_LIKE" MODIFY ("PRICE" NOT NULL ENABLE);
  ALTER TABLE "SCOTT"."GAME_LIKE" ADD PRIMARY KEY ("LIKE_ID")
  USING INDEX PCTFREE 10 INITRANS 2 MAXTRANS 255 COMPUTE STATISTICS 
  STORAGE(INITIAL 65536 NEXT 1048576 MINEXTENTS 1 MAXEXTENTS 2147483645
  PCTINCREASE 0 FREELISTS 1 FREELIST GROUPS 1
  BUFFER_POOL DEFAULT FLASH_CACHE DEFAULT CELL_FLASH_CACHE DEFAULT)
  TABLESPACE "USERS"  ENABLE;
  ALTER TABLE "SCOTT"."GAME_LIKE" ADD CONSTRAINT "UQ_GF_USER_GAME" UNIQUE ("USER_NAME", "GAME_ID")
  USING INDEX PCTFREE 10 INITRANS 2 MAXTRANS 255 COMPUTE STATISTICS 
  STORAGE(INITIAL 65536 NEXT 1048576 MINEXTENTS 1 MAXEXTENTS 2147483645
  PCTINCREASE 0 FREELISTS 1 FREELIST GROUPS 1
  BUFFER_POOL DEFAULT FLASH_CACHE DEFAULT CELL_FLASH_CACHE DEFAULT)
  TABLESPACE "USERS"  ENABLE;
--------------------------------------------------------
--  Constraints for Table INQUIRY
--------------------------------------------------------

  ALTER TABLE "SCOTT"."INQUIRY" MODIFY ("INQUIRY_ID" NOT NULL ENABLE);
  ALTER TABLE "SCOTT"."INQUIRY" MODIFY ("USER_ID" NOT NULL ENABLE);
  ALTER TABLE "SCOTT"."INQUIRY" MODIFY ("CATEGORY" NOT NULL ENABLE);
  ALTER TABLE "SCOTT"."INQUIRY" MODIFY ("CONTENT" NOT NULL ENABLE);
  ALTER TABLE "SCOTT"."INQUIRY" ADD PRIMARY KEY ("INQUIRY_ID")
  USING INDEX PCTFREE 10 INITRANS 2 MAXTRANS 255 
  STORAGE(INITIAL 65536 NEXT 1048576 MINEXTENTS 1 MAXEXTENTS 2147483645
  PCTINCREASE 0 FREELISTS 1 FREELIST GROUPS 1
  BUFFER_POOL DEFAULT FLASH_CACHE DEFAULT CELL_FLASH_CACHE DEFAULT)
  TABLESPACE "USERS"  ENABLE;
--------------------------------------------------------
--  Constraints for Table REFRESH_TOKEN
--------------------------------------------------------

  ALTER TABLE "SCOTT"."REFRESH_TOKEN" MODIFY ("TOKEN_ID" NOT NULL ENABLE);
  ALTER TABLE "SCOTT"."REFRESH_TOKEN" MODIFY ("CREATED_AT" NOT NULL ENABLE);
  ALTER TABLE "SCOTT"."REFRESH_TOKEN" MODIFY ("UPDATED_AT" NOT NULL ENABLE);
  ALTER TABLE "SCOTT"."REFRESH_TOKEN" MODIFY ("EXPIRY_DT" NOT NULL ENABLE);
  ALTER TABLE "SCOTT"."REFRESH_TOKEN" MODIFY ("TOKEN" NOT NULL ENABLE);
  ALTER TABLE "SCOTT"."REFRESH_TOKEN" MODIFY ("USER_DEVICE_ID" NOT NULL ENABLE);
  ALTER TABLE "SCOTT"."REFRESH_TOKEN" ADD PRIMARY KEY ("TOKEN_ID")
  USING INDEX PCTFREE 10 INITRANS 2 MAXTRANS 255 COMPUTE STATISTICS 
  STORAGE(INITIAL 65536 NEXT 1048576 MINEXTENTS 1 MAXEXTENTS 2147483645
  PCTINCREASE 0 FREELISTS 1 FREELIST GROUPS 1
  BUFFER_POOL DEFAULT FLASH_CACHE DEFAULT CELL_FLASH_CACHE DEFAULT)
  TABLESPACE "USERS"  ENABLE;
  ALTER TABLE "SCOTT"."REFRESH_TOKEN" ADD CONSTRAINT "UK_8OGX3EJSBFBF2XSGL4758OTRM" UNIQUE ("USER_DEVICE_ID")
  USING INDEX PCTFREE 10 INITRANS 2 MAXTRANS 255 COMPUTE STATISTICS 
  STORAGE(INITIAL 65536 NEXT 1048576 MINEXTENTS 1 MAXEXTENTS 2147483645
  PCTINCREASE 0 FREELISTS 1 FREELIST GROUPS 1
  BUFFER_POOL DEFAULT FLASH_CACHE DEFAULT CELL_FLASH_CACHE DEFAULT)
  TABLESPACE "USERS"  ENABLE;
  ALTER TABLE "SCOTT"."REFRESH_TOKEN" ADD CONSTRAINT "UK_R4K4EDOS30BX9NEOQ81MDVWPH" UNIQUE ("TOKEN")
  USING INDEX PCTFREE 10 INITRANS 2 MAXTRANS 255 COMPUTE STATISTICS 
  STORAGE(INITIAL 65536 NEXT 1048576 MINEXTENTS 1 MAXEXTENTS 2147483645
  PCTINCREASE 0 FREELISTS 1 FREELIST GROUPS 1
  BUFFER_POOL DEFAULT FLASH_CACHE DEFAULT CELL_FLASH_CACHE DEFAULT)
  TABLESPACE "USERS"  ENABLE;
--------------------------------------------------------
--  Constraints for Table REVIEW
--------------------------------------------------------

  ALTER TABLE "SCOTT"."REVIEW" MODIFY ("REVIEW_ID" NOT NULL ENABLE);
  ALTER TABLE "SCOTT"."REVIEW" MODIFY ("USER_NAME" NOT NULL ENABLE);
  ALTER TABLE "SCOTT"."REVIEW" MODIFY ("GAME_ID" NOT NULL ENABLE);
  ALTER TABLE "SCOTT"."REVIEW" MODIFY ("RATING" NOT NULL ENABLE);
  ALTER TABLE "SCOTT"."REVIEW" MODIFY ("CONTENT" NOT NULL ENABLE);
  ALTER TABLE "SCOTT"."REVIEW" ADD PRIMARY KEY ("REVIEW_ID")
  USING INDEX PCTFREE 10 INITRANS 2 MAXTRANS 255 COMPUTE STATISTICS 
  STORAGE(INITIAL 65536 NEXT 1048576 MINEXTENTS 1 MAXEXTENTS 2147483645
  PCTINCREASE 0 FREELISTS 1 FREELIST GROUPS 1
  BUFFER_POOL DEFAULT FLASH_CACHE DEFAULT CELL_FLASH_CACHE DEFAULT)
  TABLESPACE "USERS"  ENABLE;
  ALTER TABLE "SCOTT"."REVIEW" ADD CONSTRAINT "UQ_USER_GAME" UNIQUE ("USER_NAME", "GAME_ID")
  USING INDEX PCTFREE 10 INITRANS 2 MAXTRANS 255 COMPUTE STATISTICS 
  STORAGE(INITIAL 65536 NEXT 1048576 MINEXTENTS 1 MAXEXTENTS 2147483645
  PCTINCREASE 0 FREELISTS 1 FREELIST GROUPS 1
  BUFFER_POOL DEFAULT FLASH_CACHE DEFAULT CELL_FLASH_CACHE DEFAULT)
  TABLESPACE "USERS"  ENABLE;
--------------------------------------------------------
--  Constraints for Table ROLE
--------------------------------------------------------

  ALTER TABLE "SCOTT"."ROLE" MODIFY ("ROLE_ID" NOT NULL ENABLE);
  ALTER TABLE "SCOTT"."ROLE" ADD PRIMARY KEY ("ROLE_ID")
  USING INDEX PCTFREE 10 INITRANS 2 MAXTRANS 255 COMPUTE STATISTICS 
  STORAGE(INITIAL 65536 NEXT 1048576 MINEXTENTS 1 MAXEXTENTS 2147483645
  PCTINCREASE 0 FREELISTS 1 FREELIST GROUPS 1
  BUFFER_POOL DEFAULT FLASH_CACHE DEFAULT CELL_FLASH_CACHE DEFAULT)
  TABLESPACE "USERS"  ENABLE;
  ALTER TABLE "SCOTT"."ROLE" ADD CONSTRAINT "UK_EPK9IM9L9Q67XMWI4HBED25DO" UNIQUE ("ROLE_NAME")
  USING INDEX PCTFREE 10 INITRANS 2 MAXTRANS 255 COMPUTE STATISTICS 
  STORAGE(INITIAL 65536 NEXT 1048576 MINEXTENTS 1 MAXEXTENTS 2147483645
  PCTINCREASE 0 FREELISTS 1 FREELIST GROUPS 1
  BUFFER_POOL DEFAULT FLASH_CACHE DEFAULT CELL_FLASH_CACHE DEFAULT)
  TABLESPACE "USERS"  ENABLE;
--------------------------------------------------------
--  Constraints for Table USER_AUTHORITY
--------------------------------------------------------

  ALTER TABLE "SCOTT"."USER_AUTHORITY" MODIFY ("USER_ID" NOT NULL ENABLE);
  ALTER TABLE "SCOTT"."USER_AUTHORITY" MODIFY ("ROLE_ID" NOT NULL ENABLE);
  ALTER TABLE "SCOTT"."USER_AUTHORITY" ADD PRIMARY KEY ("USER_ID", "ROLE_ID")
  USING INDEX PCTFREE 10 INITRANS 2 MAXTRANS 255 COMPUTE STATISTICS 
  STORAGE(INITIAL 65536 NEXT 1048576 MINEXTENTS 1 MAXEXTENTS 2147483645
  PCTINCREASE 0 FREELISTS 1 FREELIST GROUPS 1
  BUFFER_POOL DEFAULT FLASH_CACHE DEFAULT CELL_FLASH_CACHE DEFAULT)
  TABLESPACE "USERS"  ENABLE;
--------------------------------------------------------
--  Constraints for Table USER_DEVICE
--------------------------------------------------------

  ALTER TABLE "SCOTT"."USER_DEVICE" MODIFY ("USER_DEVICE_ID" NOT NULL ENABLE);
  ALTER TABLE "SCOTT"."USER_DEVICE" MODIFY ("CREATED_AT" NOT NULL ENABLE);
  ALTER TABLE "SCOTT"."USER_DEVICE" MODIFY ("UPDATED_AT" NOT NULL ENABLE);
  ALTER TABLE "SCOTT"."USER_DEVICE" MODIFY ("DEVICE_ID" NOT NULL ENABLE);
  ALTER TABLE "SCOTT"."USER_DEVICE" MODIFY ("USER_ID" NOT NULL ENABLE);
  ALTER TABLE "SCOTT"."USER_DEVICE" ADD PRIMARY KEY ("USER_DEVICE_ID")
  USING INDEX PCTFREE 10 INITRANS 2 MAXTRANS 255 COMPUTE STATISTICS 
  STORAGE(INITIAL 65536 NEXT 1048576 MINEXTENTS 1 MAXEXTENTS 2147483645
  PCTINCREASE 0 FREELISTS 1 FREELIST GROUPS 1
  BUFFER_POOL DEFAULT FLASH_CACHE DEFAULT CELL_FLASH_CACHE DEFAULT)
  TABLESPACE "USERS"  ENABLE;
--------------------------------------------------------
--  Constraints for Table USERS
--------------------------------------------------------

  ALTER TABLE "SCOTT"."USERS" MODIFY ("USER_ID" NOT NULL ENABLE);
  ALTER TABLE "SCOTT"."USERS" MODIFY ("CREATED_AT" NOT NULL ENABLE);
  ALTER TABLE "SCOTT"."USERS" MODIFY ("UPDATED_AT" NOT NULL ENABLE);
  ALTER TABLE "SCOTT"."USERS" MODIFY ("IS_ACTIVE" NOT NULL ENABLE);
  ALTER TABLE "SCOTT"."USERS" MODIFY ("IS_EMAIL_VERIFIED" NOT NULL ENABLE);
  ALTER TABLE "SCOTT"."USERS" MODIFY ("PASSWORD" NOT NULL ENABLE);
  ALTER TABLE "SCOTT"."USERS" ADD PRIMARY KEY ("USER_ID")
  USING INDEX PCTFREE 10 INITRANS 2 MAXTRANS 255 COMPUTE STATISTICS 
  STORAGE(INITIAL 65536 NEXT 1048576 MINEXTENTS 1 MAXEXTENTS 2147483645
  PCTINCREASE 0 FREELISTS 1 FREELIST GROUPS 1
  BUFFER_POOL DEFAULT FLASH_CACHE DEFAULT CELL_FLASH_CACHE DEFAULT)
  TABLESPACE "USERS"  ENABLE;
  ALTER TABLE "SCOTT"."USERS" ADD CONSTRAINT "UK_R43AF9AP4EDM43MMTQ01ODDJ6" UNIQUE ("USERNAME")
  USING INDEX PCTFREE 10 INITRANS 2 MAXTRANS 255 COMPUTE STATISTICS 
  STORAGE(INITIAL 65536 NEXT 1048576 MINEXTENTS 1 MAXEXTENTS 2147483645
  PCTINCREASE 0 FREELISTS 1 FREELIST GROUPS 1
  BUFFER_POOL DEFAULT FLASH_CACHE DEFAULT CELL_FLASH_CACHE DEFAULT)
  TABLESPACE "USERS"  ENABLE;
--------------------------------------------------------
--  Ref Constraints for Table GAME_CART
--------------------------------------------------------

  ALTER TABLE "SCOTT"."GAME_CART" ADD CONSTRAINT "FK_CART_USER" FOREIGN KEY ("USER_NAME")
	  REFERENCES "SCOTT"."USERS" ("USERNAME") ENABLE;
--------------------------------------------------------
--  Ref Constraints for Table GAME_DISCOUNT
--------------------------------------------------------

  ALTER TABLE "SCOTT"."GAME_DISCOUNT" ADD CONSTRAINT "FK_DISCOUNT_USER" FOREIGN KEY ("USER_NAME")
	  REFERENCES "SCOTT"."USERS" ("USERNAME") ENABLE;
--------------------------------------------------------
--  Ref Constraints for Table GAME_GROUP_PURCHASE
--------------------------------------------------------

  ALTER TABLE "SCOTT"."GAME_GROUP_PURCHASE" ADD CONSTRAINT "FK_GAME_GROUP_PURCHASE_GAME_ID" FOREIGN KEY ("GAME_ID")
	  REFERENCES "SCOTT"."GAME_DISCOUNT" ("GAME_ID") ENABLE;
--------------------------------------------------------
--  Ref Constraints for Table GAME_LIKE
--------------------------------------------------------

  ALTER TABLE "SCOTT"."GAME_LIKE" ADD CONSTRAINT "FK_LIKE_USER" FOREIGN KEY ("USER_NAME")
	  REFERENCES "SCOTT"."USERS" ("USERNAME") ENABLE;
--------------------------------------------------------
--  Ref Constraints for Table INQUIRY
--------------------------------------------------------

  ALTER TABLE "SCOTT"."INQUIRY" ADD CONSTRAINT "FK_INQUIRY_USER" FOREIGN KEY ("USER_ID")
	  REFERENCES "SCOTT"."USERS" ("USER_ID") ON DELETE SET NULL ENABLE;
--------------------------------------------------------
--  Ref Constraints for Table REFRESH_TOKEN
--------------------------------------------------------

  ALTER TABLE "SCOTT"."REFRESH_TOKEN" ADD CONSTRAINT "FKR92OPRONARWE7PN1C41621GRV" FOREIGN KEY ("USER_DEVICE_ID")
	  REFERENCES "SCOTT"."USER_DEVICE" ("USER_DEVICE_ID") ENABLE;
--------------------------------------------------------
--  Ref Constraints for Table REVIEW
--------------------------------------------------------

  ALTER TABLE "SCOTT"."REVIEW" ADD CONSTRAINT "FK_REVIEW_USER" FOREIGN KEY ("USER_NAME")
	  REFERENCES "SCOTT"."USERS" ("USERNAME") ENABLE;
--------------------------------------------------------
--  Ref Constraints for Table USER_AUTHORITY
--------------------------------------------------------

  ALTER TABLE "SCOTT"."USER_AUTHORITY" ADD CONSTRAINT "FKASH3FY9HDAYQ3O73FIR11N3TH" FOREIGN KEY ("ROLE_ID")
	  REFERENCES "SCOTT"."ROLE" ("ROLE_ID") ENABLE;
  ALTER TABLE "SCOTT"."USER_AUTHORITY" ADD CONSTRAINT "FKHI46VU7680Y1HWVMNNUH4CYBX" FOREIGN KEY ("USER_ID")
	  REFERENCES "SCOTT"."USERS" ("USER_ID") ENABLE;
--------------------------------------------------------
--  Ref Constraints for Table USER_DEVICE
--------------------------------------------------------

  ALTER TABLE "SCOTT"."USER_DEVICE" ADD CONSTRAINT "FKNNBVBH186CBM7WQVP89FFSFQG" FOREIGN KEY ("USER_ID")
	  REFERENCES "SCOTT"."USERS" ("USER_ID") ENABLE;
